-- phpMyAdmin SQL Dump
-- version 5.0.2
-- https://www.phpmyadmin.net/
--
-- Host: 127.0.0.1
-- Generation Time: May 26, 2020 at 04:24 PM
-- Server version: 10.4.11-MariaDB
-- PHP Version: 7.4.5

SET SQL_MODE = "NO_AUTO_VALUE_ON_ZERO";
START TRANSACTION;
SET time_zone = "+00:00";


/*!40101 SET @OLD_CHARACTER_SET_CLIENT=@@CHARACTER_SET_CLIENT */;
/*!40101 SET @OLD_CHARACTER_SET_RESULTS=@@CHARACTER_SET_RESULTS */;
/*!40101 SET @OLD_COLLATION_CONNECTION=@@COLLATION_CONNECTION */;
/*!40101 SET NAMES utf8mb4 */;

--
-- Database: `tabwater`
--

-- --------------------------------------------------------

--
-- Table structure for table `accounting`
--

CREATE TABLE `accounting` (
  `id` bigint(20) UNSIGNED NOT NULL,
  `invoice_id` int(11) NOT NULL,
  `total` double(6,2) NOT NULL COMMENT 'จำนวนที่ต้องจ่าย',
  `net` double(6,2) NOT NULL COMMENT 'ยอดจ่ายจริง',
  `cashier` int(11) NOT NULL,
  `created_at` timestamp NULL DEFAULT NULL,
  `updated_at` timestamp NULL DEFAULT NULL
) ENGINE=InnoDB DEFAULT CHARSET=utf8mb4 COLLATE=utf8mb4_unicode_ci;

-- --------------------------------------------------------

--
-- Table structure for table `budget_year`
--

CREATE TABLE `budget_year` (
  `id` bigint(20) UNSIGNED NOT NULL,
  `budgetyear` varchar(191) COLLATE utf8mb4_unicode_ci NOT NULL,
  `startdate` date NOT NULL,
  `enddate` date NOT NULL,
  `status` enum('inactive','active') COLLATE utf8mb4_unicode_ci NOT NULL,
  `created_at` timestamp NULL DEFAULT NULL,
  `updated_at` timestamp NULL DEFAULT NULL
) ENGINE=InnoDB DEFAULT CHARSET=utf8mb4 COLLATE=utf8mb4_unicode_ci;

--
-- Dumping data for table `budget_year`
--

INSERT INTO `budget_year` (`id`, `budgetyear`, `startdate`, `enddate`, `status`, `created_at`, `updated_at`) VALUES
(1, '2563', '2019-10-01', '2020-09-30', 'active', '2020-05-21 20:34:58', '2020-05-21 20:34:58'),
(2, '2562', '2018-10-01', '2019-09-30', 'inactive', '2020-05-22 00:26:50', '2020-05-22 00:26:50');

-- --------------------------------------------------------

--
-- Table structure for table `district`
--

CREATE TABLE `district` (
  `district_code` varchar(191) COLLATE utf8mb4_unicode_ci NOT NULL,
  `district_name` varchar(191) COLLATE utf8mb4_unicode_ci NOT NULL,
  `province_code` int(11) NOT NULL,
  `go_id` int(11) NOT NULL,
  `created_at` timestamp NULL DEFAULT NULL,
  `updated_at` timestamp NULL DEFAULT NULL
) ENGINE=InnoDB DEFAULT CHARSET=utf8mb4 COLLATE=utf8mb4_unicode_ci;

--
-- Dumping data for table `district`
--

INSERT INTO `district` (`district_code`, `district_name`, `province_code`, `go_id`, `created_at`, `updated_at`) VALUES
('1001', 'เขตพระนคร', 10, 2, '2020-05-20 20:15:34', '2020-05-20 20:15:34'),
('1002', 'เขตดุสิต', 10, 2, '2020-05-20 20:15:34', '2020-05-20 20:15:34'),
('1003', 'เขตหนองจอก', 10, 2, '2020-05-20 20:15:34', '2020-05-20 20:15:34'),
('1004', 'เขตบางรัก', 10, 2, '2020-05-20 20:15:34', '2020-05-20 20:15:34'),
('1005', 'เขตบางเขน', 10, 2, '2020-05-20 20:15:34', '2020-05-20 20:15:34'),
('1006', 'เขตบางกะปิ', 10, 2, '2020-05-20 20:15:34', '2020-05-20 20:15:34'),
('1007', 'เขตปทุมวัน', 10, 2, '2020-05-20 20:15:34', '2020-05-20 20:15:34'),
('1008', 'เขตป้อมปราบศัตรูพ่าย', 10, 2, '2020-05-20 20:15:35', '2020-05-20 20:15:35'),
('1009', 'เขตพระโขนง', 10, 2, '2020-05-20 20:15:35', '2020-05-20 20:15:35'),
('1010', 'เขตมีนบุรี', 10, 2, '2020-05-20 20:15:35', '2020-05-20 20:15:35'),
('1011', 'เขตลาดกระบัง', 10, 2, '2020-05-20 20:15:35', '2020-05-20 20:15:35'),
('1012', 'เขตยานนาวา', 10, 2, '2020-05-20 20:15:35', '2020-05-20 20:15:35'),
('1013', 'เขตสัมพันธวงศ์', 10, 2, '2020-05-20 20:15:35', '2020-05-20 20:15:35'),
('1014', 'เขตพญาไท', 10, 2, '2020-05-20 20:15:35', '2020-05-20 20:15:35'),
('1015', 'เขตธนบุรี', 10, 2, '2020-05-20 20:15:35', '2020-05-20 20:15:35'),
('1016', 'เขตบางกอกใหญ่', 10, 2, '2020-05-20 20:15:35', '2020-05-20 20:15:35'),
('1017', 'เขตห้วยขวาง', 10, 2, '2020-05-20 20:15:35', '2020-05-20 20:15:35'),
('1018', 'เขตคลองสาน', 10, 2, '2020-05-20 20:15:35', '2020-05-20 20:15:35'),
('1019', 'เขตตลิ่งชัน', 10, 2, '2020-05-20 20:15:35', '2020-05-20 20:15:35'),
('1020', 'เขตบางกอกน้อย', 10, 2, '2020-05-20 20:15:35', '2020-05-20 20:15:35'),
('1021', 'เขตบางขุนเทียน', 10, 2, '2020-05-20 20:15:35', '2020-05-20 20:15:35'),
('1022', 'เขตภาษีเจริญ', 10, 2, '2020-05-20 20:15:35', '2020-05-20 20:15:35'),
('1023', 'เขตหนองแขม', 10, 2, '2020-05-20 20:15:35', '2020-05-20 20:15:35'),
('1024', 'เขตราษฎร์บูรณะ', 10, 2, '2020-05-20 20:15:35', '2020-05-20 20:15:35'),
('1025', 'เขตบางพลัด', 10, 2, '2020-05-20 20:15:35', '2020-05-20 20:15:35'),
('1026', 'เขตดินแดง', 10, 2, '2020-05-20 20:15:35', '2020-05-20 20:15:35'),
('1027', 'เขตบึงกุ่ม', 10, 2, '2020-05-20 20:15:35', '2020-05-20 20:15:35'),
('1028', 'เขตสาทร', 10, 2, '2020-05-20 20:15:35', '2020-05-20 20:15:35'),
('1029', 'เขตบางซื่อ', 10, 2, '2020-05-20 20:15:35', '2020-05-20 20:15:35'),
('1030', 'เขตจตุจักร', 10, 2, '2020-05-20 20:15:35', '2020-05-20 20:15:35'),
('1031', 'เขตบางคอแหลม', 10, 2, '2020-05-20 20:15:35', '2020-05-20 20:15:35'),
('1032', 'เขตประเวศ', 10, 2, '2020-05-20 20:15:35', '2020-05-20 20:15:35'),
('1033', 'เขตคลองเตย', 10, 2, '2020-05-20 20:15:35', '2020-05-20 20:15:35'),
('1034', 'เขตสวนหลวง', 10, 2, '2020-05-20 20:15:35', '2020-05-20 20:15:35'),
('1035', 'เขตจอมทอง', 10, 2, '2020-05-20 20:15:35', '2020-05-20 20:15:35'),
('1036', 'เขตดอนเมือง', 10, 2, '2020-05-20 20:15:35', '2020-05-20 20:15:35'),
('1037', 'เขตราชเทวี', 10, 2, '2020-05-20 20:15:35', '2020-05-20 20:15:35'),
('1038', 'เขตลาดพร้าว', 10, 2, '2020-05-20 20:15:36', '2020-05-20 20:15:36'),
('1039', 'เขตวัฒนา', 10, 2, '2020-05-20 20:15:36', '2020-05-20 20:15:36'),
('1040', 'เขตบางแค', 10, 2, '2020-05-20 20:15:36', '2020-05-20 20:15:36'),
('1041', 'เขตหลักสี่', 10, 2, '2020-05-20 20:15:36', '2020-05-20 20:15:36'),
('1042', 'เขตสายไหม', 10, 2, '2020-05-20 20:15:36', '2020-05-20 20:15:36'),
('1043', 'เขตคันนายาว', 10, 2, '2020-05-20 20:15:36', '2020-05-20 20:15:36'),
('1044', 'เขตสะพานสูง', 10, 2, '2020-05-20 20:15:36', '2020-05-20 20:15:36'),
('1045', 'เขตวังทองหลาง', 10, 2, '2020-05-20 20:15:36', '2020-05-20 20:15:36'),
('1046', 'เขตคลองสามวา', 10, 2, '2020-05-20 20:15:36', '2020-05-20 20:15:36'),
('1047', 'เขตบางนา', 10, 2, '2020-05-20 20:15:36', '2020-05-20 20:15:36'),
('1048', 'เขตทวีวัฒนา', 10, 2, '2020-05-20 20:15:36', '2020-05-20 20:15:36'),
('1049', 'เขตทุ่งครุ', 10, 2, '2020-05-20 20:15:36', '2020-05-20 20:15:36'),
('1050', 'เขตบางบอน', 10, 2, '2020-05-20 20:15:36', '2020-05-20 20:15:36'),
('1081', '*บ้านทะวาย', 10, 2, '2020-05-20 20:15:36', '2020-05-20 20:15:36'),
('1101', 'เมืองสมุทรปราการ', 11, 2, '2020-05-20 20:15:36', '2020-05-20 20:15:36'),
('1102', 'บางบ่อ', 11, 2, '2020-05-20 20:15:36', '2020-05-20 20:15:36'),
('1103', 'บางพลี', 11, 2, '2020-05-20 20:15:36', '2020-05-20 20:15:36'),
('1104', 'พระประแดง', 11, 2, '2020-05-20 20:15:36', '2020-05-20 20:15:36'),
('1105', 'พระสมุทรเจดีย์', 11, 2, '2020-05-20 20:15:36', '2020-05-20 20:15:36'),
('1106', 'บางเสาธง', 11, 2, '2020-05-20 20:15:36', '2020-05-20 20:15:36'),
('1201', 'เมืองนนทบุรี', 12, 2, '2020-05-20 20:15:36', '2020-05-20 20:15:36'),
('1202', 'บางกรวย', 12, 2, '2020-05-20 20:15:36', '2020-05-20 20:15:36'),
('1203', 'บางใหญ่', 12, 2, '2020-05-20 20:15:36', '2020-05-20 20:15:36'),
('1204', 'บางบัวทอง', 12, 2, '2020-05-20 20:15:36', '2020-05-20 20:15:36'),
('1205', 'ไทรน้อย', 12, 2, '2020-05-20 20:15:36', '2020-05-20 20:15:36'),
('1206', 'ปากเกร็ด', 12, 2, '2020-05-20 20:15:36', '2020-05-20 20:15:36'),
('1251', 'เทศบาลนครนนทบุรี (สาขาแขวงท่าทราย)*', 12, 2, '2020-05-20 20:15:36', '2020-05-20 20:15:36'),
('1297', 'เทศบาลเมืองปากเกร็ด*', 12, 2, '2020-05-20 20:15:36', '2020-05-20 20:15:36'),
('1301', 'เมืองปทุมธานี', 13, 2, '2020-05-20 20:15:37', '2020-05-20 20:15:37'),
('1302', 'คลองหลวง', 13, 2, '2020-05-20 20:15:37', '2020-05-20 20:15:37'),
('1303', 'ธัญบุรี', 13, 2, '2020-05-20 20:15:37', '2020-05-20 20:15:37'),
('1304', 'หนองเสือ', 13, 2, '2020-05-20 20:15:37', '2020-05-20 20:15:37'),
('1305', 'ลาดหลุมแก้ว', 13, 2, '2020-05-20 20:15:37', '2020-05-20 20:15:37'),
('1306', 'ลำลูกกา', 13, 2, '2020-05-20 20:15:37', '2020-05-20 20:15:37'),
('1307', 'สามโคก', 13, 2, '2020-05-20 20:15:37', '2020-05-20 20:15:37'),
('1351', 'ลำลูกกา (สาขาตำบลคูคต)*', 13, 2, '2020-05-20 20:15:37', '2020-05-20 20:15:37'),
('1401', 'พระนครศรีอยุธยา', 14, 2, '2020-05-20 20:15:37', '2020-05-20 20:15:37'),
('1402', 'ท่าเรือ', 14, 2, '2020-05-20 20:15:37', '2020-05-20 20:15:37'),
('1403', 'นครหลวง', 14, 2, '2020-05-20 20:15:37', '2020-05-20 20:15:37'),
('1404', 'บางไทร', 14, 2, '2020-05-20 20:15:37', '2020-05-20 20:15:37'),
('1405', 'บางบาล', 14, 2, '2020-05-20 20:15:37', '2020-05-20 20:15:37'),
('1406', 'บางปะอิน', 14, 2, '2020-05-20 20:15:37', '2020-05-20 20:15:37'),
('1407', 'บางปะหัน', 14, 2, '2020-05-20 20:15:37', '2020-05-20 20:15:37'),
('1408', 'ผักไห่', 14, 2, '2020-05-20 20:15:37', '2020-05-20 20:15:37'),
('1409', 'ภาชี', 14, 2, '2020-05-20 20:15:37', '2020-05-20 20:15:37'),
('1410', 'ลาดบัวหลวง', 14, 2, '2020-05-20 20:15:37', '2020-05-20 20:15:37'),
('1411', 'วังน้อย', 14, 2, '2020-05-20 20:15:37', '2020-05-20 20:15:37'),
('1412', 'เสนา', 14, 2, '2020-05-20 20:15:37', '2020-05-20 20:15:37'),
('1413', 'บางซ้าย', 14, 2, '2020-05-20 20:15:37', '2020-05-20 20:15:37'),
('1414', 'อุทัย', 14, 2, '2020-05-20 20:15:37', '2020-05-20 20:15:37'),
('1415', 'มหาราช', 14, 2, '2020-05-20 20:15:37', '2020-05-20 20:15:37'),
('1416', 'บ้านแพรก', 14, 2, '2020-05-20 20:15:37', '2020-05-20 20:15:37'),
('1501', 'เมืองอ่างทอง', 15, 2, '2020-05-20 20:15:37', '2020-05-20 20:15:37'),
('1502', 'ไชโย', 15, 2, '2020-05-20 20:15:37', '2020-05-20 20:15:37'),
('1503', 'ป่าโมก', 15, 2, '2020-05-20 20:15:37', '2020-05-20 20:15:37'),
('1504', 'โพธิ์ทอง', 15, 2, '2020-05-20 20:15:37', '2020-05-20 20:15:37'),
('1505', 'แสวงหา', 15, 2, '2020-05-20 20:15:37', '2020-05-20 20:15:37'),
('1506', 'วิเศษชัยชาญ', 15, 2, '2020-05-20 20:15:37', '2020-05-20 20:15:37'),
('1507', 'สามโก้', 15, 2, '2020-05-20 20:15:37', '2020-05-20 20:15:37'),
('1601', 'เมืองลพบุรี', 16, 2, '2020-05-20 20:15:37', '2020-05-20 20:15:37'),
('1602', 'พัฒนานิคม', 16, 2, '2020-05-20 20:15:37', '2020-05-20 20:15:37'),
('1603', 'โคกสำโรง', 16, 2, '2020-05-20 20:15:37', '2020-05-20 20:15:37'),
('1604', 'ชัยบาดาล', 16, 2, '2020-05-20 20:15:37', '2020-05-20 20:15:37'),
('1605', 'ท่าวุ้ง', 16, 2, '2020-05-20 20:15:38', '2020-05-20 20:15:38'),
('1606', 'บ้านหมี่', 16, 2, '2020-05-20 20:15:38', '2020-05-20 20:15:38'),
('1607', 'ท่าหลวง', 16, 2, '2020-05-20 20:15:38', '2020-05-20 20:15:38'),
('1608', 'สระโบสถ์', 16, 2, '2020-05-20 20:15:38', '2020-05-20 20:15:38'),
('1609', 'โคกเจริญ', 16, 2, '2020-05-20 20:15:38', '2020-05-20 20:15:38'),
('1610', 'ลำสนธิ', 16, 2, '2020-05-20 20:15:38', '2020-05-20 20:15:38'),
('1611', 'หนองม่วง', 16, 2, '2020-05-20 20:15:38', '2020-05-20 20:15:38'),
('1681', '*อ.บ้านเช่า  จ.ลพบุรี', 16, 2, '2020-05-20 20:15:38', '2020-05-20 20:15:38'),
('1701', 'เมืองสิงห์บุรี', 17, 2, '2020-05-20 20:15:38', '2020-05-20 20:15:38'),
('1702', 'บางระจัน', 17, 2, '2020-05-20 20:15:38', '2020-05-20 20:15:38'),
('1703', 'ค่ายบางระจัน', 17, 2, '2020-05-20 20:15:38', '2020-05-20 20:15:38'),
('1704', 'พรหมบุรี', 17, 2, '2020-05-20 20:15:38', '2020-05-20 20:15:38'),
('1705', 'ท่าช้าง', 17, 2, '2020-05-20 20:15:38', '2020-05-20 20:15:38'),
('1706', 'อินทร์บุรี', 17, 2, '2020-05-20 20:15:38', '2020-05-20 20:15:38'),
('1801', 'เมืองชัยนาท', 18, 2, '2020-05-20 20:15:38', '2020-05-20 20:15:38'),
('1802', 'มโนรมย์', 18, 2, '2020-05-20 20:15:38', '2020-05-20 20:15:38'),
('1803', 'วัดสิงห์', 18, 2, '2020-05-20 20:15:38', '2020-05-20 20:15:38'),
('1804', 'สรรพยา', 18, 2, '2020-05-20 20:15:38', '2020-05-20 20:15:38'),
('1805', 'สรรคบุรี', 18, 2, '2020-05-20 20:15:38', '2020-05-20 20:15:38'),
('1806', 'หันคา', 18, 2, '2020-05-20 20:15:38', '2020-05-20 20:15:38'),
('1807', 'หนองมะโมง', 18, 2, '2020-05-20 20:15:38', '2020-05-20 20:15:38'),
('1808', 'เนินขาม', 18, 2, '2020-05-20 20:15:38', '2020-05-20 20:15:38'),
('1901', 'เมืองสระบุรี', 19, 2, '2020-05-20 20:15:39', '2020-05-20 20:15:39'),
('1902', 'แก่งคอย', 19, 2, '2020-05-20 20:15:39', '2020-05-20 20:15:39'),
('1903', 'หนองแค', 19, 2, '2020-05-20 20:15:39', '2020-05-20 20:15:39'),
('1904', 'วิหารแดง', 19, 2, '2020-05-20 20:15:39', '2020-05-20 20:15:39'),
('1905', 'หนองแซง', 19, 2, '2020-05-20 20:15:39', '2020-05-20 20:15:39'),
('1906', 'บ้านหมอ', 19, 2, '2020-05-20 20:15:39', '2020-05-20 20:15:39'),
('1907', 'ดอนพุด', 19, 2, '2020-05-20 20:15:39', '2020-05-20 20:15:39'),
('1908', 'หนองโดน', 19, 2, '2020-05-20 20:15:39', '2020-05-20 20:15:39'),
('1909', 'พระพุทธบาท', 19, 2, '2020-05-20 20:15:39', '2020-05-20 20:15:39'),
('1910', 'เสาไห้', 19, 2, '2020-05-20 20:15:39', '2020-05-20 20:15:39'),
('1911', 'มวกเหล็ก', 19, 2, '2020-05-20 20:15:39', '2020-05-20 20:15:39'),
('1912', 'วังม่วง', 19, 2, '2020-05-20 20:15:39', '2020-05-20 20:15:39'),
('1913', 'เฉลิมพระเกียรติ', 19, 2, '2020-05-20 20:15:39', '2020-05-20 20:15:39'),
('2001', 'เมืองชลบุรี', 20, 5, '2020-05-20 20:15:39', '2020-05-20 20:15:39'),
('2002', 'บ้านบึง', 20, 5, '2020-05-20 20:15:39', '2020-05-20 20:15:39'),
('2003', 'หนองใหญ่', 20, 5, '2020-05-20 20:15:39', '2020-05-20 20:15:39'),
('2004', 'บางละมุง', 20, 5, '2020-05-20 20:15:39', '2020-05-20 20:15:39'),
('2005', 'พานทอง', 20, 5, '2020-05-20 20:15:39', '2020-05-20 20:15:39'),
('2006', 'พนัสนิคม', 20, 5, '2020-05-20 20:15:39', '2020-05-20 20:15:39'),
('2007', 'ศรีราชา', 20, 5, '2020-05-20 20:15:39', '2020-05-20 20:15:39'),
('2008', 'เกาะสีชัง', 20, 5, '2020-05-20 20:15:39', '2020-05-20 20:15:39'),
('2009', 'สัตหีบ', 20, 5, '2020-05-20 20:15:39', '2020-05-20 20:15:39'),
('2010', 'บ่อทอง', 20, 5, '2020-05-20 20:15:39', '2020-05-20 20:15:39'),
('2011', 'เกาะจันทร์', 20, 5, '2020-05-20 20:15:39', '2020-05-20 20:15:39'),
('2051', 'สัตหีบ (สาขาตำบลบางเสร่)*', 20, 5, '2020-05-20 20:15:39', '2020-05-20 20:15:39'),
('2072', 'ท้องถิ่นเทศบาลเมืองหนองปรือ*', 20, 5, '2020-05-20 20:15:39', '2020-05-20 20:15:39'),
('2093', 'เทศบาลตำบลแหลมฉบัง*', 20, 5, '2020-05-20 20:15:39', '2020-05-20 20:15:39'),
('2099', 'เทศบาลเมืองชลบุรี*', 20, 5, '2020-05-20 20:15:39', '2020-05-20 20:15:39'),
('2101', 'เมืองระยอง', 21, 5, '2020-05-20 20:15:39', '2020-05-20 20:15:39'),
('2102', 'บ้านฉาง', 21, 5, '2020-05-20 20:15:39', '2020-05-20 20:15:39'),
('2103', 'แกลง', 21, 5, '2020-05-20 20:15:39', '2020-05-20 20:15:39'),
('2104', 'วังจันทร์', 21, 5, '2020-05-20 20:15:39', '2020-05-20 20:15:39'),
('2105', 'บ้านค่าย', 21, 5, '2020-05-20 20:15:40', '2020-05-20 20:15:40'),
('2106', 'ปลวกแดง', 21, 5, '2020-05-20 20:15:40', '2020-05-20 20:15:40'),
('2107', 'เขาชะเมา', 21, 5, '2020-05-20 20:15:40', '2020-05-20 20:15:40'),
('2108', 'นิคมพัฒนา', 21, 5, '2020-05-20 20:15:40', '2020-05-20 20:15:40'),
('2151', 'สาขาตำบลมาบข่า*', 21, 5, '2020-05-20 20:15:40', '2020-05-20 20:15:40'),
('2201', 'เมืองจันทบุรี', 22, 5, '2020-05-20 20:15:40', '2020-05-20 20:15:40'),
('2202', 'ขลุง', 22, 5, '2020-05-20 20:15:40', '2020-05-20 20:15:40'),
('2203', 'ท่าใหม่', 22, 5, '2020-05-20 20:15:40', '2020-05-20 20:15:40'),
('2204', 'โป่งน้ำร้อน', 22, 5, '2020-05-20 20:15:40', '2020-05-20 20:15:40'),
('2205', 'มะขาม', 22, 5, '2020-05-20 20:15:40', '2020-05-20 20:15:40'),
('2206', 'แหลมสิงห์', 22, 5, '2020-05-20 20:15:40', '2020-05-20 20:15:40'),
('2207', 'สอยดาว', 22, 5, '2020-05-20 20:15:40', '2020-05-20 20:15:40'),
('2208', 'แก่งหางแมว', 22, 5, '2020-05-20 20:15:40', '2020-05-20 20:15:40'),
('2209', 'นายายอาม', 22, 5, '2020-05-20 20:15:40', '2020-05-20 20:15:40'),
('2210', 'เขาคิชฌกูฏ', 22, 5, '2020-05-20 20:15:40', '2020-05-20 20:15:40'),
('2281', '*กิ่ง อ.กำพุธ  จ.จันทบุรี', 22, 5, '2020-05-20 20:15:40', '2020-05-20 20:15:40'),
('2301', 'เมืองตราด', 23, 5, '2020-05-20 20:15:40', '2020-05-20 20:15:40'),
('2302', 'คลองใหญ่', 23, 5, '2020-05-20 20:15:40', '2020-05-20 20:15:40'),
('2303', 'เขาสมิง', 23, 5, '2020-05-20 20:15:40', '2020-05-20 20:15:40'),
('2304', 'บ่อไร่', 23, 5, '2020-05-20 20:15:40', '2020-05-20 20:15:40'),
('2305', 'แหลมงอบ', 23, 5, '2020-05-20 20:15:40', '2020-05-20 20:15:40'),
('2306', 'เกาะกูด', 23, 5, '2020-05-20 20:15:40', '2020-05-20 20:15:40'),
('2307', 'เกาะช้าง', 23, 5, '2020-05-20 20:15:40', '2020-05-20 20:15:40'),
('2401', 'เมืองฉะเชิงเทรา', 24, 5, '2020-05-20 20:15:40', '2020-05-20 20:15:40'),
('2402', 'บางคล้า', 24, 5, '2020-05-20 20:15:40', '2020-05-20 20:15:40'),
('2403', 'บางน้ำเปรี้ยว', 24, 5, '2020-05-20 20:15:40', '2020-05-20 20:15:40'),
('2404', 'บางปะกง', 24, 5, '2020-05-20 20:15:40', '2020-05-20 20:15:40'),
('2405', 'บ้านโพธิ์', 24, 5, '2020-05-20 20:15:40', '2020-05-20 20:15:40'),
('2406', 'พนมสารคาม', 24, 5, '2020-05-20 20:15:40', '2020-05-20 20:15:40'),
('2407', 'ราชสาส์น', 24, 5, '2020-05-20 20:15:40', '2020-05-20 20:15:40'),
('2408', 'สนามชัยเขต', 24, 5, '2020-05-20 20:15:40', '2020-05-20 20:15:40'),
('2409', 'แปลงยาว', 24, 5, '2020-05-20 20:15:40', '2020-05-20 20:15:40'),
('2410', 'ท่าตะเกียบ', 24, 5, '2020-05-20 20:15:40', '2020-05-20 20:15:40'),
('2411', 'คลองเขื่อน', 24, 5, '2020-05-20 20:15:40', '2020-05-20 20:15:40'),
('2501', 'เมืองปราจีนบุรี', 25, 5, '2020-05-20 20:15:40', '2020-05-20 20:15:40'),
('2502', 'กบินทร์บุรี', 25, 5, '2020-05-20 20:15:40', '2020-05-20 20:15:40'),
('2503', 'นาดี', 25, 5, '2020-05-20 20:15:40', '2020-05-20 20:15:40'),
('2504', '*สระแก้ว', 25, 5, '2020-05-20 20:15:40', '2020-05-20 20:15:40'),
('2505', '*วังน้ำเย็น', 25, 5, '2020-05-20 20:15:41', '2020-05-20 20:15:41'),
('2506', 'บ้านสร้าง', 25, 5, '2020-05-20 20:15:41', '2020-05-20 20:15:41'),
('2507', 'ประจันตคาม', 25, 5, '2020-05-20 20:15:41', '2020-05-20 20:15:41'),
('2508', 'ศรีมหาโพธิ', 25, 5, '2020-05-20 20:15:41', '2020-05-20 20:15:41'),
('2509', 'ศรีมโหสถ', 25, 5, '2020-05-20 20:15:41', '2020-05-20 20:15:41'),
('2510', '*อรัญประเทศ', 25, 5, '2020-05-20 20:15:41', '2020-05-20 20:15:41'),
('2511', '*ตาพระยา', 25, 5, '2020-05-20 20:15:41', '2020-05-20 20:15:41'),
('2512', '*วัฒนานคร', 25, 5, '2020-05-20 20:15:41', '2020-05-20 20:15:41'),
('2513', '*คลองหาด', 25, 5, '2020-05-20 20:15:41', '2020-05-20 20:15:41'),
('2601', 'เมืองนครนายก', 26, 2, '2020-05-20 20:15:41', '2020-05-20 20:15:41'),
('2602', 'ปากพลี', 26, 2, '2020-05-20 20:15:41', '2020-05-20 20:15:41'),
('2603', 'บ้านนา', 26, 2, '2020-05-20 20:15:41', '2020-05-20 20:15:41'),
('2604', 'องครักษ์', 26, 2, '2020-05-20 20:15:41', '2020-05-20 20:15:41'),
('2701', 'เมืองสระแก้ว', 27, 5, '2020-05-20 20:15:41', '2020-05-20 20:15:41'),
('2702', 'คลองหาด', 27, 5, '2020-05-20 20:15:41', '2020-05-20 20:15:41'),
('2703', 'ตาพระยา', 27, 5, '2020-05-20 20:15:41', '2020-05-20 20:15:41'),
('2704', 'วังน้ำเย็น', 27, 5, '2020-05-20 20:15:41', '2020-05-20 20:15:41'),
('2705', 'วัฒนานคร', 27, 5, '2020-05-20 20:15:41', '2020-05-20 20:15:41'),
('2706', 'อรัญประเทศ', 27, 5, '2020-05-20 20:15:41', '2020-05-20 20:15:41'),
('2707', 'เขาฉกรรจ์', 27, 5, '2020-05-20 20:15:41', '2020-05-20 20:15:41'),
('2708', 'โคกสูง', 27, 5, '2020-05-20 20:15:41', '2020-05-20 20:15:41'),
('2709', 'วังสมบูรณ์', 27, 5, '2020-05-20 20:15:41', '2020-05-20 20:15:41'),
('3001', 'เมืองนครราชสีมา', 30, 3, '2020-05-20 20:15:41', '2020-05-20 20:15:41'),
('3002', 'ครบุรี', 30, 3, '2020-05-20 20:15:41', '2020-05-20 20:15:41'),
('3003', 'เสิงสาง', 30, 3, '2020-05-20 20:15:41', '2020-05-20 20:15:41'),
('3004', 'คง', 30, 3, '2020-05-20 20:15:41', '2020-05-20 20:15:41'),
('3005', 'บ้านเหลื่อม', 30, 3, '2020-05-20 20:15:41', '2020-05-20 20:15:41'),
('3006', 'จักราช', 30, 3, '2020-05-20 20:15:41', '2020-05-20 20:15:41'),
('3007', 'โชคชัย', 30, 3, '2020-05-20 20:15:41', '2020-05-20 20:15:41'),
('3008', 'ด่านขุนทด', 30, 3, '2020-05-20 20:15:41', '2020-05-20 20:15:41'),
('3009', 'โนนไทย', 30, 3, '2020-05-20 20:15:41', '2020-05-20 20:15:41'),
('3010', 'โนนสูง', 30, 3, '2020-05-20 20:15:42', '2020-05-20 20:15:42'),
('3011', 'ขามสะแกแสง', 30, 3, '2020-05-20 20:15:42', '2020-05-20 20:15:42'),
('3012', 'บัวใหญ่', 30, 3, '2020-05-20 20:15:42', '2020-05-20 20:15:42'),
('3013', 'ประทาย', 30, 3, '2020-05-20 20:15:42', '2020-05-20 20:15:42'),
('3014', 'ปักธงชัย', 30, 3, '2020-05-20 20:15:42', '2020-05-20 20:15:42'),
('3015', 'พิมาย', 30, 3, '2020-05-20 20:15:42', '2020-05-20 20:15:42'),
('3016', 'ห้วยแถลง', 30, 3, '2020-05-20 20:15:42', '2020-05-20 20:15:42'),
('3017', 'ชุมพวง', 30, 3, '2020-05-20 20:15:42', '2020-05-20 20:15:42'),
('3018', 'สูงเนิน', 30, 3, '2020-05-20 20:15:42', '2020-05-20 20:15:42'),
('3019', 'ขามทะเลสอ', 30, 3, '2020-05-20 20:15:42', '2020-05-20 20:15:42'),
('3020', 'สีคิ้ว', 30, 3, '2020-05-20 20:15:42', '2020-05-20 20:15:42'),
('3021', 'ปากช่อง', 30, 3, '2020-05-20 20:15:42', '2020-05-20 20:15:42'),
('3022', 'หนองบุญมาก', 30, 3, '2020-05-20 20:15:42', '2020-05-20 20:15:42'),
('3023', 'แก้งสนามนาง', 30, 3, '2020-05-20 20:15:42', '2020-05-20 20:15:42'),
('3024', 'โนนแดง', 30, 3, '2020-05-20 20:15:42', '2020-05-20 20:15:42'),
('3025', 'วังน้ำเขียว', 30, 3, '2020-05-20 20:15:42', '2020-05-20 20:15:42'),
('3026', 'เทพารักษ์', 30, 3, '2020-05-20 20:15:42', '2020-05-20 20:15:42'),
('3027', 'เมืองยาง', 30, 3, '2020-05-20 20:15:42', '2020-05-20 20:15:42'),
('3028', 'พระทองคำ', 30, 3, '2020-05-20 20:15:42', '2020-05-20 20:15:42'),
('3029', 'ลำทะเมนชัย', 30, 3, '2020-05-20 20:15:42', '2020-05-20 20:15:42'),
('3030', 'บัวลาย', 30, 3, '2020-05-20 20:15:42', '2020-05-20 20:15:42'),
('3031', 'สีดา', 30, 3, '2020-05-20 20:15:43', '2020-05-20 20:15:43'),
('3032', 'เฉลิมพระเกียรติ', 30, 3, '2020-05-20 20:15:43', '2020-05-20 20:15:43'),
('3049', 'ท้องถิ่นเทศบาลตำบลโพธิ์กลาง*', 30, 3, '2020-05-20 20:15:43', '2020-05-20 20:15:43'),
('3051', 'สาขาตำบลมะค่า-พลสงคราม*', 30, 3, '2020-05-20 20:15:43', '2020-05-20 20:15:43'),
('3081', '*โนนลาว', 30, 3, '2020-05-20 20:15:43', '2020-05-20 20:15:43'),
('3101', 'เมืองบุรีรัมย์', 31, 3, '2020-05-20 20:15:43', '2020-05-20 20:15:43'),
('3102', 'คูเมือง', 31, 3, '2020-05-20 20:15:43', '2020-05-20 20:15:43'),
('3103', 'กระสัง', 3, 31, '2020-05-20 20:15:43', '2020-05-20 20:15:43'),
('3104', 'นางรอง', 31, 3, '2020-05-20 20:15:43', '2020-05-20 20:15:43'),
('3105', 'หนองกี่', 31, 3, '2020-05-20 20:15:43', '2020-05-20 20:15:43'),
('3106', 'ละหานทราย', 31, 3, '2020-05-20 20:15:43', '2020-05-20 20:15:43'),
('3107', 'ประโคนชัย', 31, 3, '2020-05-20 20:15:43', '2020-05-20 20:15:43'),
('3108', 'บ้านกรวด', 31, 3, '2020-05-20 20:15:43', '2020-05-20 20:15:43'),
('3109', 'พุทไธสง', 31, 3, '2020-05-20 20:15:43', '2020-05-20 20:15:43'),
('3110', 'ลำปลายมาศ', 31, 3, '2020-05-20 20:15:43', '2020-05-20 20:15:43'),
('3111', 'สตึก', 31, 3, '2020-05-20 20:15:43', '2020-05-20 20:15:43'),
('3112', 'ปะคำ', 31, 3, '2020-05-20 20:15:43', '2020-05-20 20:15:43'),
('3113', 'นาโพธิ์', 31, 3, '2020-05-20 20:15:43', '2020-05-20 20:15:43'),
('3114', 'หนองหงส์', 31, 3, '2020-05-20 20:15:43', '2020-05-20 20:15:43'),
('3115', 'พลับพลาชัย', 31, 3, '2020-05-20 20:15:43', '2020-05-20 20:15:43'),
('3116', 'ห้วยราช', 31, 3, '2020-05-20 20:15:43', '2020-05-20 20:15:43'),
('3117', 'โนนสุวรรณ', 31, 3, '2020-05-20 20:15:43', '2020-05-20 20:15:43'),
('3118', 'ชำนิ', 31, 3, '2020-05-20 20:15:43', '2020-05-20 20:15:43'),
('3119', 'บ้านใหม่ไชยพจน์', 31, 3, '2020-05-20 20:15:44', '2020-05-20 20:15:44'),
('3120', 'โนนดินแดง', 31, 3, '2020-05-20 20:15:44', '2020-05-20 20:15:44'),
('3121', 'บ้านด่าน', 31, 3, '2020-05-20 20:15:44', '2020-05-20 20:15:44'),
('3122', 'แคนดง', 31, 3, '2020-05-20 20:15:44', '2020-05-20 20:15:44'),
('3123', 'เฉลิมพระเกียรติ', 31, 3, '2020-05-20 20:15:44', '2020-05-20 20:15:44'),
('3201', 'เมืองสุรินทร์', 32, 3, '2020-05-20 20:15:44', '2020-05-20 20:15:44'),
('3202', 'ชุมพลบุรี', 32, 3, '2020-05-20 20:15:44', '2020-05-20 20:15:44'),
('3203', 'ท่าตูม', 32, 3, '2020-05-20 20:15:44', '2020-05-20 20:15:44'),
('3204', 'จอมพระ', 32, 3, '2020-05-20 20:15:44', '2020-05-20 20:15:44'),
('3205', 'ปราสาท', 32, 3, '2020-05-20 20:15:44', '2020-05-20 20:15:44'),
('3206', 'กาบเชิง', 32, 3, '2020-05-20 20:15:44', '2020-05-20 20:15:44'),
('3207', 'รัตนบุรี', 32, 3, '2020-05-20 20:15:44', '2020-05-20 20:15:44'),
('3208', 'สนม', 32, 3, '2020-05-20 20:15:44', '2020-05-20 20:15:44'),
('3209', 'ศีขรภูมิ', 32, 3, '2020-05-20 20:15:44', '2020-05-20 20:15:44'),
('3210', 'สังขะ', 32, 3, '2020-05-20 20:15:44', '2020-05-20 20:15:44'),
('3211', 'ลำดวน', 32, 3, '2020-05-20 20:15:44', '2020-05-20 20:15:44'),
('3212', 'สำโรงทาบ', 32, 3, '2020-05-20 20:15:44', '2020-05-20 20:15:44'),
('3213', 'บัวเชด', 32, 3, '2020-05-20 20:15:44', '2020-05-20 20:15:44'),
('3214', 'พนมดงรัก', 32, 3, '2020-05-20 20:15:44', '2020-05-20 20:15:44'),
('3215', 'ศรีณรงค์', 32, 3, '2020-05-20 20:15:44', '2020-05-20 20:15:44'),
('3216', 'เขวาสินรินทร์', 32, 3, '2020-05-20 20:15:44', '2020-05-20 20:15:44'),
('3217', 'โนนนารายณ์', 32, 3, '2020-05-20 20:15:44', '2020-05-20 20:15:44'),
('3301', 'เมืองศรีสะเกษ', 33, 3, '2020-05-20 20:15:44', '2020-05-20 20:15:44'),
('3302', 'ยางชุมน้อย', 33, 3, '2020-05-20 20:15:44', '2020-05-20 20:15:44'),
('3303', 'กันทรารมย์', 33, 3, '2020-05-20 20:15:45', '2020-05-20 20:15:45'),
('3304', 'กันทรลักษ์', 33, 3, '2020-05-20 20:15:45', '2020-05-20 20:15:45'),
('3305', 'ขุขันธ์', 33, 3, '2020-05-20 20:15:45', '2020-05-20 20:15:45'),
('3306', 'ไพรบึง', 33, 3, '2020-05-20 20:15:45', '2020-05-20 20:15:45'),
('3307', 'ปรางค์กู่', 33, 3, '2020-05-20 20:15:45', '2020-05-20 20:15:45'),
('3308', 'ขุนหาญ', 33, 3, '2020-05-20 20:15:45', '2020-05-20 20:15:45'),
('3309', 'ราษีไศล', 33, 3, '2020-05-20 20:15:45', '2020-05-20 20:15:45'),
('3310', 'อุทุมพรพิสัย', 33, 3, '2020-05-20 20:15:45', '2020-05-20 20:15:45'),
('3311', 'บึงบูรพ์', 33, 3, '2020-05-20 20:15:45', '2020-05-20 20:15:45'),
('3312', 'ห้วยทับทัน', 33, 3, '2020-05-20 20:15:45', '2020-05-20 20:15:45'),
('3313', 'โนนคูณ', 33, 3, '2020-05-20 20:15:45', '2020-05-20 20:15:45'),
('3314', 'ศรีรัตนะ', 33, 3, '2020-05-20 20:15:45', '2020-05-20 20:15:45'),
('3315', 'น้ำเกลี้ยง', 33, 3, '2020-05-20 20:15:45', '2020-05-20 20:15:45'),
('3316', 'วังหิน', 33, 3, '2020-05-20 20:15:45', '2020-05-20 20:15:45'),
('3317', 'ภูสิงห์', 33, 3, '2020-05-20 20:15:45', '2020-05-20 20:15:45'),
('3318', 'เมืองจันทร์', 33, 3, '2020-05-20 20:15:45', '2020-05-20 20:15:45'),
('3319', 'เบญจลักษ์', 33, 3, '2020-05-20 20:15:45', '2020-05-20 20:15:45'),
('3320', 'พยุห์', 33, 3, '2020-05-20 20:15:45', '2020-05-20 20:15:45'),
('3321', 'โพธิ์ศรีสุวรรณ', 33, 3, '2020-05-20 20:15:45', '2020-05-20 20:15:45'),
('3322', 'ศิลาลาด', 33, 3, '2020-05-20 20:15:45', '2020-05-20 20:15:45'),
('3401', 'เมืองอุบลราชธานี', 34, 3, '2020-05-20 20:15:45', '2020-05-20 20:15:45'),
('3402', 'ศรีเมืองใหม่', 34, 3, '2020-05-20 20:15:45', '2020-05-20 20:15:45'),
('3403', 'โขงเจียม', 34, 3, '2020-05-20 20:15:45', '2020-05-20 20:15:45'),
('3404', 'เขื่องใน', 34, 3, '2020-05-20 20:15:45', '2020-05-20 20:15:45'),
('3405', 'เขมราฐ', 34, 3, '2020-05-20 20:15:45', '2020-05-20 20:15:45'),
('3406', '*ชานุมาน', 34, 3, '2020-05-20 20:15:45', '2020-05-20 20:15:45'),
('3407', 'เดชอุดม', 34, 3, '2020-05-20 20:15:45', '2020-05-20 20:15:45'),
('3408', 'นาจะหลวย', 34, 3, '2020-05-20 20:15:46', '2020-05-20 20:15:46'),
('3409', 'น้ำยืน', 34, 3, '2020-05-20 20:15:46', '2020-05-20 20:15:46'),
('3410', 'บุณฑริก', 34, 3, '2020-05-20 20:15:46', '2020-05-20 20:15:46'),
('3411', 'ตระการพืชผล', 34, 3, '2020-05-20 20:15:46', '2020-05-20 20:15:46'),
('3412', 'กุดข้าวปุ้น', 34, 3, '2020-05-20 20:15:46', '2020-05-20 20:15:46'),
('3413', '*พนา', 34, 3, '2020-05-20 20:15:46', '2020-05-20 20:15:46'),
('3414', 'ม่วงสามสิบ', 34, 3, '2020-05-20 20:15:46', '2020-05-20 20:15:46'),
('3415', 'วารินชำราบ', 34, 3, '2020-05-20 20:15:46', '2020-05-20 20:15:46'),
('3416', '*อำนาจเจริญ', 34, 3, '2020-05-20 20:15:46', '2020-05-20 20:15:46'),
('3417', '*เสนางคนิคม', 34, 3, '2020-05-20 20:15:46', '2020-05-20 20:15:46'),
('3418', '*หัวตะพาน', 34, 3, '2020-05-20 20:15:46', '2020-05-20 20:15:46'),
('3419', 'พิบูลมังสาหาร', 34, 3, '2020-05-20 20:15:46', '2020-05-20 20:15:46'),
('3420', 'ตาลสุม', 34, 3, '2020-05-20 20:15:46', '2020-05-20 20:15:46'),
('3421', 'โพธิ์ไทร', 34, 3, '2020-05-20 20:15:46', '2020-05-20 20:15:46'),
('3422', 'สำโรง', 34, 3, '2020-05-20 20:15:46', '2020-05-20 20:15:46'),
('3423', '*กิ่งอำเภอลืออำนาจ', 34, 3, '2020-05-20 20:15:46', '2020-05-20 20:15:46'),
('3424', 'ดอนมดแดง', 34, 3, '2020-05-20 20:15:46', '2020-05-20 20:15:46'),
('3425', 'สิรินธร', 34, 3, '2020-05-20 20:15:46', '2020-05-20 20:15:46'),
('3426', 'ทุ่งศรีอุดม', 34, 3, '2020-05-20 20:15:46', '2020-05-20 20:15:46'),
('3427', '*ปทุมราชวงศา', 34, 3, '2020-05-20 20:15:46', '2020-05-20 20:15:46'),
('3428', '*กิ่งอำเภอศรีหลักชัย', 34, 3, '2020-05-20 20:15:46', '2020-05-20 20:15:46'),
('3429', 'นาเยีย', 34, 3, '2020-05-20 20:15:47', '2020-05-20 20:15:47'),
('3430', 'นาตาล', 34, 3, '2020-05-20 20:15:47', '2020-05-20 20:15:47'),
('3431', 'เหล่าเสือโก้ก', 34, 3, '2020-05-20 20:15:47', '2020-05-20 20:15:47'),
('3432', 'สว่างวีระวงศ์', 34, 3, '2020-05-20 20:15:47', '2020-05-20 20:15:47'),
('3433', 'น้ำขุ่น', 34, 3, '2020-05-20 20:15:47', '2020-05-20 20:15:47'),
('3481', '*อ.สุวรรณวารี  จ.อุบลราชธานี', 34, 3, '2020-05-20 20:15:47', '2020-05-20 20:15:47'),
('3501', 'เมืองยโสธร', 35, 3, '2020-05-20 20:15:47', '2020-05-20 20:15:47'),
('3502', 'ทรายมูล', 35, 3, '2020-05-20 20:15:47', '2020-05-20 20:15:47'),
('3503', 'กุดชุม', 35, 3, '2020-05-20 20:15:47', '2020-05-20 20:15:47'),
('3504', 'คำเขื่อนแก้ว', 35, 3, '2020-05-20 20:15:47', '2020-05-20 20:15:47'),
('3505', 'ป่าติ้ว', 35, 3, '2020-05-20 20:15:47', '2020-05-20 20:15:47'),
('3506', 'มหาชนะชัย', 35, 3, '2020-05-20 20:15:47', '2020-05-20 20:15:47'),
('3507', 'ค้อวัง', 35, 3, '2020-05-20 20:15:47', '2020-05-20 20:15:47'),
('3508', 'เลิงนกทา', 35, 3, '2020-05-20 20:15:47', '2020-05-20 20:15:47'),
('3509', 'ไทยเจริญ', 35, 3, '2020-05-20 20:15:47', '2020-05-20 20:15:47'),
('3601', 'เมืองชัยภูมิ', 36, 3, '2020-05-20 20:15:47', '2020-05-20 20:15:47'),
('3602', 'บ้านเขว้า', 36, 3, '2020-05-20 20:15:47', '2020-05-20 20:15:47'),
('3603', 'คอนสวรรค์', 36, 3, '2020-05-20 20:15:47', '2020-05-20 20:15:47'),
('3604', 'เกษตรสมบูรณ์', 36, 3, '2020-05-20 20:15:47', '2020-05-20 20:15:47'),
('3605', 'หนองบัวแดง', 36, 3, '2020-05-20 20:15:47', '2020-05-20 20:15:47'),
('3606', 'จัตุรัส', 36, 3, '2020-05-20 20:15:47', '2020-05-20 20:15:47'),
('3607', 'บำเหน็จณรงค์', 36, 3, '2020-05-20 20:15:47', '2020-05-20 20:15:47'),
('3608', 'หนองบัวระเหว', 36, 3, '2020-05-20 20:15:47', '2020-05-20 20:15:47'),
('3609', 'เทพสถิต', 36, 3, '2020-05-20 20:15:47', '2020-05-20 20:15:47'),
('3610', 'ภูเขียว', 36, 3, '2020-05-20 20:15:47', '2020-05-20 20:15:47'),
('3611', 'บ้านแท่น', 36, 3, '2020-05-20 20:15:47', '2020-05-20 20:15:47'),
('3612', 'แก้งคร้อ', 36, 3, '2020-05-20 20:15:47', '2020-05-20 20:15:47'),
('3613', 'คอนสาร', 36, 3, '2020-05-20 20:15:47', '2020-05-20 20:15:47'),
('3614', 'ภักดีชุมพล', 36, 3, '2020-05-20 20:15:47', '2020-05-20 20:15:47'),
('3615', 'เนินสง่า', 36, 3, '2020-05-20 20:15:47', '2020-05-20 20:15:47'),
('3616', 'ซับใหญ่', 36, 3, '2020-05-20 20:15:47', '2020-05-20 20:15:47'),
('3651', 'เมืองชัยภูมิ (สาขาตำบลโนนสำราญ)*', 36, 3, '2020-05-20 20:15:47', '2020-05-20 20:15:47'),
('3652', 'สาขาตำบลบ้านหว่าเฒ่า*', 36, 3, '2020-05-20 20:15:47', '2020-05-20 20:15:47'),
('3653', 'หนองบัวแดง (สาขาตำบลวังชมภู)*', 36, 3, '2020-05-20 20:15:48', '2020-05-20 20:15:48'),
('3654', 'กิ่งอำเภอซับใหญ่ (สาขาตำบลซับใหญ่)*', 36, 3, '2020-05-20 20:15:48', '2020-05-20 20:15:48'),
('3655', 'สาขาตำบลโคกเพชร*', 36, 3, '2020-05-20 20:15:48', '2020-05-20 20:15:48'),
('3656', 'เทพสถิต (สาขาตำบลนายางกลัก)*', 36, 3, '2020-05-20 20:15:48', '2020-05-20 20:15:48'),
('3657', 'บ้านแท่น (สาขาตำบลบ้านเต่า)*', 36, 3, '2020-05-20 20:15:48', '2020-05-20 20:15:48'),
('3658', 'แก้งคร้อ (สาขาตำบลท่ามะไฟหวาน)*', 36, 3, '2020-05-20 20:15:48', '2020-05-20 20:15:48'),
('3659', 'คอนสาร (สาขาตำบลโนนคูณ)*', 36, 3, '2020-05-20 20:15:48', '2020-05-20 20:15:48'),
('3701', 'เมืองอำนาจเจริญ', 37, 3, '2020-05-20 20:15:48', '2020-05-20 20:15:48'),
('3702', 'ชานุมาน', 37, 3, '2020-05-20 20:15:48', '2020-05-20 20:15:48'),
('3703', 'ปทุมราชวงศา', 37, 3, '2020-05-20 20:15:48', '2020-05-20 20:15:48'),
('3704', 'พนา', 37, 3, '2020-05-20 20:15:48', '2020-05-20 20:15:48'),
('3705', 'เสนางคนิคม', 37, 3, '2020-05-20 20:15:48', '2020-05-20 20:15:48'),
('3706', 'หัวตะพาน', 37, 3, '2020-05-20 20:15:48', '2020-05-20 20:15:48'),
('3707', 'ลืออำนาจ', 37, 3, '2020-05-20 20:15:48', '2020-05-20 20:15:48'),
('3801', 'เมืองบึงกาฬ', 97, 3, '2020-05-20 20:15:48', '2020-05-20 20:15:48'),
('3802', 'เซกา', 97, 3, '2020-05-20 20:15:48', '2020-05-20 20:15:48'),
('3803', 'โซ่พิสัย', 97, 3, '2020-05-20 20:15:48', '2020-05-20 20:15:48'),
('3804', 'พรเจริญ', 97, 3, '2020-05-20 20:15:48', '2020-05-20 20:15:48'),
('3805', 'ศรีวิไล', 97, 3, '2020-05-20 20:15:48', '2020-05-20 20:15:48'),
('3806', 'บึงโขงหลง', 97, 3, '2020-05-20 20:15:48', '2020-05-20 20:15:48'),
('3807', 'ปากคาด', 97, 3, '2020-05-20 20:15:48', '2020-05-20 20:15:48'),
('3808', 'บุ่งคล้า', 97, 3, '2020-05-20 20:15:48', '2020-05-20 20:15:48'),
('3901', 'เมืองหนองบัวลำภู', 39, 3, '2020-05-20 20:15:48', '2020-05-20 20:15:48'),
('3902', 'นากลาง', 39, 3, '2020-05-20 20:15:48', '2020-05-20 20:15:48'),
('3903', 'โนนสัง', 39, 3, '2020-05-20 20:15:48', '2020-05-20 20:15:48'),
('3904', 'ศรีบุญเรือง', 39, 3, '2020-05-20 20:15:48', '2020-05-20 20:15:48'),
('3905', 'สุวรรณคูหา', 39, 3, '2020-05-20 20:15:48', '2020-05-20 20:15:48'),
('3906', 'นาวัง', 39, 3, '2020-05-20 20:15:49', '2020-05-20 20:15:49'),
('4001', 'เมืองขอนแก่น', 40, 3, '2020-05-20 20:15:49', '2020-05-20 20:15:49'),
('4002', 'บ้านฝาง', 40, 3, '2020-05-20 20:15:49', '2020-05-20 20:15:49'),
('4003', 'พระยืน', 40, 3, '2020-05-20 20:15:49', '2020-05-20 20:15:49'),
('4004', 'หนองเรือ', 40, 3, '2020-05-20 20:15:49', '2020-05-20 20:15:49'),
('4005', 'ชุมแพ', 40, 3, '2020-05-20 20:15:49', '2020-05-20 20:15:49'),
('4006', 'สีชมพู', 40, 3, '2020-05-20 20:15:49', '2020-05-20 20:15:49'),
('4007', 'น้ำพอง', 40, 3, '2020-05-20 20:15:49', '2020-05-20 20:15:49'),
('4008', 'อุบลรัตน์', 40, 3, '2020-05-20 20:15:49', '2020-05-20 20:15:49'),
('4009', 'กระนวน', 40, 3, '2020-05-20 20:15:49', '2020-05-20 20:15:49'),
('4010', 'บ้านไผ่', 40, 3, '2020-05-20 20:15:49', '2020-05-20 20:15:49'),
('4011', 'เปือยน้อย', 40, 3, '2020-05-20 20:15:49', '2020-05-20 20:15:49'),
('4012', 'พล', 40, 3, '2020-05-20 20:15:49', '2020-05-20 20:15:49'),
('4013', 'แวงใหญ่', 40, 3, '2020-05-20 20:15:49', '2020-05-20 20:15:49'),
('4014', 'แวงน้อย', 40, 3, '2020-05-20 20:15:49', '2020-05-20 20:15:49'),
('4015', 'หนองสองห้อง', 40, 3, '2020-05-20 20:15:49', '2020-05-20 20:15:49'),
('4016', 'ภูเวียง', 40, 3, '2020-05-20 20:15:49', '2020-05-20 20:15:49'),
('4017', 'มัญจาคีรี', 40, 3, '2020-05-20 20:15:49', '2020-05-20 20:15:49'),
('4018', 'ชนบท', 40, 3, '2020-05-20 20:15:49', '2020-05-20 20:15:49'),
('4019', 'เขาสวนกวาง', 40, 3, '2020-05-20 20:15:49', '2020-05-20 20:15:49'),
('4020', 'ภูผาม่าน', 40, 3, '2020-05-20 20:15:49', '2020-05-20 20:15:49'),
('4021', 'ซำสูง', 40, 3, '2020-05-20 20:15:49', '2020-05-20 20:15:49'),
('4022', 'โคกโพธิ์ไชย', 40, 3, '2020-05-20 20:15:49', '2020-05-20 20:15:49'),
('4023', 'หนองนาคำ', 40, 3, '2020-05-20 20:15:49', '2020-05-20 20:15:49'),
('4024', 'บ้านแฮด', 40, 3, '2020-05-20 20:15:49', '2020-05-20 20:15:49'),
('4025', 'โนนศิลา', 40, 3, '2020-05-20 20:15:49', '2020-05-20 20:15:49'),
('4029', 'เวียงเก่า', 40, 3, '2020-05-20 20:15:49', '2020-05-20 20:15:49'),
('4068', 'ท้องถิ่นเทศบาลตำบลบ้านเป็ด*', 40, 3, '2020-05-20 20:15:49', '2020-05-20 20:15:49'),
('4098', 'เทศบาลตำบลเมืองพล*', 40, 3, '2020-05-20 20:15:49', '2020-05-20 20:15:49'),
('4101', 'เมืองอุดรธานี', 41, 3, '2020-05-20 20:15:49', '2020-05-20 20:15:49'),
('4102', 'กุดจับ', 41, 3, '2020-05-20 20:15:50', '2020-05-20 20:15:50'),
('4103', 'หนองวัวซอ', 41, 3, '2020-05-20 20:15:50', '2020-05-20 20:15:50'),
('4104', 'กุมภวาปี', 41, 3, '2020-05-20 20:15:50', '2020-05-20 20:15:50'),
('4105', 'โนนสะอาด', 41, 3, '2020-05-20 20:15:50', '2020-05-20 20:15:50'),
('4106', 'หนองหาน', 41, 3, '2020-05-20 20:15:50', '2020-05-20 20:15:50'),
('4107', 'ทุ่งฝน', 41, 3, '2020-05-20 20:15:50', '2020-05-20 20:15:50'),
('4108', 'ไชยวาน', 41, 3, '2020-05-20 20:15:50', '2020-05-20 20:15:50'),
('4109', 'ศรีธาตุ', 41, 3, '2020-05-20 20:15:50', '2020-05-20 20:15:50'),
('4110', 'วังสามหมอ', 41, 3, '2020-05-20 20:15:50', '2020-05-20 20:15:50'),
('4111', 'บ้านดุง', 41, 3, '2020-05-20 20:15:50', '2020-05-20 20:15:50'),
('4112', '*หนองบัวลำภู', 41, 3, '2020-05-20 20:15:50', '2020-05-20 20:15:50'),
('4113', '*ศรีบุญเรือง', 41, 3, '2020-05-20 20:15:50', '2020-05-20 20:15:50'),
('4114', '*นากลาง', 41, 3, '2020-05-20 20:15:50', '2020-05-20 20:15:50'),
('4115', '*สุวรรณคูหา', 41, 3, '2020-05-20 20:15:50', '2020-05-20 20:15:50'),
('4116', '*โนนสัง', 41, 3, '2020-05-20 20:15:50', '2020-05-20 20:15:50'),
('4117', 'บ้านผือ', 41, 3, '2020-05-20 20:15:50', '2020-05-20 20:15:50'),
('4118', 'น้ำโสม', 41, 3, '2020-05-20 20:15:50', '2020-05-20 20:15:50'),
('4119', 'เพ็ญ', 41, 3, '2020-05-20 20:15:50', '2020-05-20 20:15:50'),
('4120', 'สร้างคอม', 41, 3, '2020-05-20 20:15:50', '2020-05-20 20:15:50'),
('4121', 'หนองแสง', 41, 3, '2020-05-20 20:15:50', '2020-05-20 20:15:50'),
('4122', 'นายูง', 41, 3, '2020-05-20 20:15:50', '2020-05-20 20:15:50'),
('4123', 'พิบูลย์รักษ์', 41, 3, '2020-05-20 20:15:50', '2020-05-20 20:15:50'),
('4124', 'กู่แก้ว', 41, 3, '2020-05-20 20:15:50', '2020-05-20 20:15:50'),
('4125', 'ประจักษ์ศิลปาคม', 41, 3, '2020-05-20 20:15:50', '2020-05-20 20:15:50'),
('4201', 'เมืองเลย', 42, 3, '2020-05-20 20:15:50', '2020-05-20 20:15:50'),
('4202', 'นาด้วง', 42, 3, '2020-05-20 20:15:50', '2020-05-20 20:15:50'),
('4203', 'เชียงคาน', 42, 3, '2020-05-20 20:15:50', '2020-05-20 20:15:50'),
('4204', 'ปากชม', 42, 3, '2020-05-20 20:15:50', '2020-05-20 20:15:50'),
('4205', 'ด่านซ้าย', 42, 3, '2020-05-20 20:15:50', '2020-05-20 20:15:50'),
('4206', 'นาแห้ว', 42, 3, '2020-05-20 20:15:50', '2020-05-20 20:15:50'),
('4207', 'ภูเรือ', 42, 3, '2020-05-20 20:15:50', '2020-05-20 20:15:50'),
('4208', 'ท่าลี่', 42, 3, '2020-05-20 20:15:50', '2020-05-20 20:15:50'),
('4209', 'วังสะพุง', 42, 3, '2020-05-20 20:15:50', '2020-05-20 20:15:50'),
('4210', 'ภูกระดึง', 42, 3, '2020-05-20 20:15:50', '2020-05-20 20:15:50'),
('4211', 'ภูหลวง', 42, 3, '2020-05-20 20:15:50', '2020-05-20 20:15:50'),
('4212', 'ผาขาว', 42, 3, '2020-05-20 20:15:50', '2020-05-20 20:15:50'),
('4213', 'เอราวัณ', 42, 3, '2020-05-20 20:15:50', '2020-05-20 20:15:50'),
('4214', 'หนองหิน', 42, 3, '2020-05-20 20:15:50', '2020-05-20 20:15:50'),
('4301', 'เมืองหนองคาย', 43, 3, '2020-05-20 20:15:51', '2020-05-20 20:15:51'),
('4302', 'ท่าบ่อ', 43, 3, '2020-05-20 20:15:51', '2020-05-20 20:15:51'),
('4305', 'โพนพิสัย', 43, 3, '2020-05-20 20:15:51', '2020-05-20 20:15:51'),
('4307', 'ศรีเชียงใหม่', 43, 3, '2020-05-20 20:15:51', '2020-05-20 20:15:51'),
('4308', 'สังคม', 43, 3, '2020-05-20 20:15:51', '2020-05-20 20:15:51'),
('4314', 'สระใคร', 43, 3, '2020-05-20 20:15:51', '2020-05-20 20:15:51'),
('4315', 'เฝ้าไร่', 43, 3, '2020-05-20 20:15:51', '2020-05-20 20:15:51'),
('4316', 'รัตนวาปี', 43, 3, '2020-05-20 20:15:51', '2020-05-20 20:15:51'),
('4317', 'โพธิ์ตาก', 43, 3, '2020-05-20 20:15:51', '2020-05-20 20:15:51'),
('4401', 'เมืองมหาสารคาม', 44, 3, '2020-05-20 20:15:51', '2020-05-20 20:15:51'),
('4402', 'แกดำ', 44, 3, '2020-05-20 20:15:51', '2020-05-20 20:15:51'),
('4403', 'โกสุมพิสัย', 44, 3, '2020-05-20 20:15:51', '2020-05-20 20:15:51'),
('4404', 'กันทรวิชัย', 44, 3, '2020-05-20 20:15:51', '2020-05-20 20:15:51'),
('4405', 'เชียงยืน', 44, 3, '2020-05-20 20:15:51', '2020-05-20 20:15:51'),
('4406', 'บรบือ', 44, 3, '2020-05-20 20:15:51', '2020-05-20 20:15:51'),
('4407', 'นาเชือก', 44, 3, '2020-05-20 20:15:51', '2020-05-20 20:15:51'),
('4408', 'พยัคฆภูมิพิสัย', 44, 3, '2020-05-20 20:15:51', '2020-05-20 20:15:51'),
('4409', 'วาปีปทุม', 44, 3, '2020-05-20 20:15:51', '2020-05-20 20:15:51'),
('4410', 'นาดูน', 44, 3, '2020-05-20 20:15:51', '2020-05-20 20:15:51'),
('4411', 'ยางสีสุราช', 44, 3, '2020-05-20 20:15:51', '2020-05-20 20:15:51'),
('4412', 'กุดรัง', 44, 3, '2020-05-20 20:15:51', '2020-05-20 20:15:51'),
('4413', 'ชื่นชม', 44, 3, '2020-05-20 20:15:51', '2020-05-20 20:15:51'),
('4481', '*หลุบ', 44, 3, '2020-05-20 20:15:51', '2020-05-20 20:15:51'),
('4501', 'เมืองร้อยเอ็ด', 45, 3, '2020-05-20 20:15:51', '2020-05-20 20:15:51'),
('4502', 'เกษตรวิสัย', 45, 3, '2020-05-20 20:15:51', '2020-05-20 20:15:51'),
('4503', 'ปทุมรัตต์', 45, 3, '2020-05-20 20:15:51', '2020-05-20 20:15:51'),
('4504', 'จตุรพักตรพิมาน', 45, 3, '2020-05-20 20:15:51', '2020-05-20 20:15:51'),
('4505', 'ธวัชบุรี', 45, 3, '2020-05-20 20:15:51', '2020-05-20 20:15:51'),
('4506', 'พนมไพร', 45, 3, '2020-05-20 20:15:51', '2020-05-20 20:15:51'),
('4507', 'โพนทอง', 45, 3, '2020-05-20 20:15:51', '2020-05-20 20:15:51'),
('4508', 'โพธิ์ชัย', 45, 3, '2020-05-20 20:15:51', '2020-05-20 20:15:51'),
('4509', 'หนองพอก', 45, 3, '2020-05-20 20:15:51', '2020-05-20 20:15:51'),
('4510', 'เสลภูมิ', 45, 3, '2020-05-20 20:15:51', '2020-05-20 20:15:51'),
('4511', 'สุวรรณภูมิ', 45, 3, '2020-05-20 20:15:51', '2020-05-20 20:15:51'),
('4512', 'เมืองสรวง', 45, 3, '2020-05-20 20:15:51', '2020-05-20 20:15:51'),
('4513', 'โพนทราย', 45, 3, '2020-05-20 20:15:51', '2020-05-20 20:15:51'),
('4514', 'อาจสามารถ', 45, 3, '2020-05-20 20:15:52', '2020-05-20 20:15:52'),
('4515', 'เมยวดี', 45, 3, '2020-05-20 20:15:52', '2020-05-20 20:15:52'),
('4516', 'ศรีสมเด็จ', 45, 3, '2020-05-20 20:15:52', '2020-05-20 20:15:52'),
('4517', 'จังหาร', 45, 3, '2020-05-20 20:15:52', '2020-05-20 20:15:52'),
('4518', 'เชียงขวัญ', 45, 3, '2020-05-20 20:15:52', '2020-05-20 20:15:52'),
('4519', 'หนองฮี', 45, 3, '2020-05-20 20:15:52', '2020-05-20 20:15:52'),
('4520', 'ทุ่งเขาหลวง', 45, 3, '2020-05-20 20:15:52', '2020-05-20 20:15:52'),
('4601', 'เมืองกาฬสินธุ์', 46, 3, '2020-05-20 20:15:52', '2020-05-20 20:15:52'),
('4602', 'นามน', 46, 3, '2020-05-20 20:15:52', '2020-05-20 20:15:52'),
('4603', 'กมลาไสย', 46, 3, '2020-05-20 20:15:52', '2020-05-20 20:15:52'),
('4604', 'ร่องคำ', 46, 3, '2020-05-20 20:15:52', '2020-05-20 20:15:52'),
('4605', 'กุฉินารายณ์', 46, 3, '2020-05-20 20:15:52', '2020-05-20 20:15:52'),
('4606', 'เขาวง', 46, 3, '2020-05-20 20:15:52', '2020-05-20 20:15:52'),
('4607', 'ยางตลาด', 46, 3, '2020-05-20 20:15:52', '2020-05-20 20:15:52'),
('4608', 'ห้วยเม็ก', 46, 3, '2020-05-20 20:15:52', '2020-05-20 20:15:52'),
('4609', 'สหัสขันธ์', 46, 3, '2020-05-20 20:15:52', '2020-05-20 20:15:52'),
('4610', 'คำม่วง', 46, 3, '2020-05-20 20:15:52', '2020-05-20 20:15:52'),
('4611', 'ท่าคันโท', 46, 3, '2020-05-20 20:15:52', '2020-05-20 20:15:52'),
('4612', 'หนองกุงศรี', 46, 3, '2020-05-20 20:15:52', '2020-05-20 20:15:52'),
('4613', 'สมเด็จ', 46, 3, '2020-05-20 20:15:52', '2020-05-20 20:15:52'),
('4614', 'ห้วยผึ้ง', 46, 3, '2020-05-20 20:15:52', '2020-05-20 20:15:52'),
('4615', 'สามชัย', 46, 3, '2020-05-20 20:15:52', '2020-05-20 20:15:52'),
('4616', 'นาคู', 46, 3, '2020-05-20 20:15:52', '2020-05-20 20:15:52'),
('4617', 'ดอนจาน', 46, 3, '2020-05-20 20:15:52', '2020-05-20 20:15:52'),
('4618', 'ฆ้องชัย', 46, 3, '2020-05-20 20:15:52', '2020-05-20 20:15:52'),
('4701', 'เมืองสกลนคร', 47, 3, '2020-05-20 20:15:52', '2020-05-20 20:15:52'),
('4702', 'กุสุมาลย์', 47, 3, '2020-05-20 20:15:52', '2020-05-20 20:15:52'),
('4703', 'กุดบาก', 47, 3, '2020-05-20 20:15:52', '2020-05-20 20:15:52'),
('4704', 'พรรณานิคม', 47, 3, '2020-05-20 20:15:52', '2020-05-20 20:15:52'),
('4705', 'พังโคน', 47, 3, '2020-05-20 20:15:53', '2020-05-20 20:15:53'),
('4706', 'วาริชภูมิ', 47, 3, '2020-05-20 20:15:53', '2020-05-20 20:15:53'),
('4707', 'นิคมน้ำอูน', 47, 3, '2020-05-20 20:15:53', '2020-05-20 20:15:53'),
('4708', 'วานรนิวาส', 47, 3, '2020-05-20 20:15:53', '2020-05-20 20:15:53'),
('4709', 'คำตากล้า', 47, 3, '2020-05-20 20:15:53', '2020-05-20 20:15:53'),
('4710', 'บ้านม่วง', 47, 3, '2020-05-20 20:15:53', '2020-05-20 20:15:53'),
('4711', 'อากาศอำนวย', 47, 3, '2020-05-20 20:15:53', '2020-05-20 20:15:53'),
('4712', 'สว่างแดนดิน', 47, 3, '2020-05-20 20:15:53', '2020-05-20 20:15:53'),
('4713', 'ส่องดาว', 47, 3, '2020-05-20 20:15:53', '2020-05-20 20:15:53'),
('4714', 'เต่างอย', 47, 3, '2020-05-20 20:15:53', '2020-05-20 20:15:53'),
('4715', 'โคกศรีสุพรรณ', 47, 3, '2020-05-20 20:15:53', '2020-05-20 20:15:53'),
('4716', 'เจริญศิลป์', 47, 3, '2020-05-20 20:15:53', '2020-05-20 20:15:53'),
('4717', 'โพนนาแก้ว', 47, 3, '2020-05-20 20:15:53', '2020-05-20 20:15:53'),
('4718', 'ภูพาน', 47, 3, '2020-05-20 20:15:53', '2020-05-20 20:15:53'),
('4751', 'วานรนิวาส (สาขาตำบลกุดเรือคำ)*', 47, 3, '2020-05-20 20:15:53', '2020-05-20 20:15:53'),
('4781', '*อ.บ้านหัน  จ.สกลนคร', 47, 3, '2020-05-20 20:15:53', '2020-05-20 20:15:53'),
('4801', 'เมืองนครพนม', 48, 3, '2020-05-20 20:15:53', '2020-05-20 20:15:53'),
('4802', 'ปลาปาก', 48, 3, '2020-05-20 20:15:53', '2020-05-20 20:15:53'),
('4803', 'ท่าอุเทน', 48, 3, '2020-05-20 20:15:53', '2020-05-20 20:15:53'),
('4804', 'บ้านแพง', 48, 3, '2020-05-20 20:15:53', '2020-05-20 20:15:53'),
('4805', 'ธาตุพนม', 48, 3, '2020-05-20 20:15:53', '2020-05-20 20:15:53'),
('4806', 'เรณูนคร', 48, 3, '2020-05-20 20:15:53', '2020-05-20 20:15:53'),
('4807', 'นาแก', 48, 3, '2020-05-20 20:15:53', '2020-05-20 20:15:53'),
('4808', 'ศรีสงคราม', 48, 3, '2020-05-20 20:15:53', '2020-05-20 20:15:53'),
('4809', 'นาหว้า', 48, 3, '2020-05-20 20:15:53', '2020-05-20 20:15:53'),
('4810', 'โพนสวรรค์', 48, 3, '2020-05-20 20:15:53', '2020-05-20 20:15:53'),
('4811', 'นาทม', 48, 3, '2020-05-20 20:15:53', '2020-05-20 20:15:53'),
('4812', 'วังยาง', 48, 3, '2020-05-20 20:15:53', '2020-05-20 20:15:53'),
('4901', 'เมืองมุกดาหาร', 49, 3, '2020-05-20 20:15:53', '2020-05-20 20:15:53'),
('4902', 'นิคมคำสร้อย', 49, 3, '2020-05-20 20:15:53', '2020-05-20 20:15:53'),
('4903', 'ดอนตาล', 49, 3, '2020-05-20 20:15:53', '2020-05-20 20:15:53'),
('4904', 'ดงหลวง', 49, 3, '2020-05-20 20:15:53', '2020-05-20 20:15:53'),
('4905', 'คำชะอี', 49, 3, '2020-05-20 20:15:53', '2020-05-20 20:15:53'),
('4906', 'หว้านใหญ่', 49, 3, '2020-05-20 20:15:54', '2020-05-20 20:15:54'),
('4907', 'หนองสูง', 49, 3, '2020-05-20 20:15:54', '2020-05-20 20:15:54'),
('5001', 'เมืองเชียงใหม่', 50, 1, '2020-05-20 20:15:54', '2020-05-20 20:15:54'),
('5002', 'จอมทอง', 50, 1, '2020-05-20 20:15:54', '2020-05-20 20:15:54'),
('5003', 'แม่แจ่ม', 50, 1, '2020-05-20 20:15:54', '2020-05-20 20:15:54'),
('5004', 'เชียงดาว', 50, 1, '2020-05-20 20:15:54', '2020-05-20 20:15:54'),
('5005', 'ดอยสะเก็ด', 50, 1, '2020-05-20 20:15:54', '2020-05-20 20:15:54'),
('5006', 'แม่แตง', 50, 1, '2020-05-20 20:15:54', '2020-05-20 20:15:54'),
('5007', 'แม่ริม', 50, 1, '2020-05-20 20:15:54', '2020-05-20 20:15:54'),
('5008', 'สะเมิง', 50, 1, '2020-05-20 20:15:54', '2020-05-20 20:15:54'),
('5009', 'ฝาง', 50, 1, '2020-05-20 20:15:54', '2020-05-20 20:15:54'),
('5010', 'แม่อาย', 50, 1, '2020-05-20 20:15:54', '2020-05-20 20:15:54'),
('5011', 'พร้าว', 50, 1, '2020-05-20 20:15:54', '2020-05-20 20:15:54'),
('5012', 'สันป่าตอง', 50, 1, '2020-05-20 20:15:54', '2020-05-20 20:15:54'),
('5013', 'สันกำแพง', 50, 1, '2020-05-20 20:15:54', '2020-05-20 20:15:54'),
('5014', 'สันทราย', 50, 1, '2020-05-20 20:15:54', '2020-05-20 20:15:54'),
('5015', 'หางดง', 50, 1, '2020-05-20 20:15:54', '2020-05-20 20:15:54'),
('5016', 'ฮอด', 50, 1, '2020-05-20 20:15:54', '2020-05-20 20:15:54'),
('5017', 'ดอยเต่า', 50, 1, '2020-05-20 20:15:54', '2020-05-20 20:15:54'),
('5018', 'อมก๋อย', 50, 1, '2020-05-20 20:15:54', '2020-05-20 20:15:54'),
('5019', 'สารภี', 50, 1, '2020-05-20 20:15:54', '2020-05-20 20:15:54'),
('5020', 'เวียงแหง', 50, 1, '2020-05-20 20:15:54', '2020-05-20 20:15:54'),
('5021', 'ไชยปราการ', 50, 1, '2020-05-20 20:15:54', '2020-05-20 20:15:54'),
('5022', 'แม่วาง', 50, 1, '2020-05-20 20:15:54', '2020-05-20 20:15:54'),
('5023', 'แม่ออน', 50, 1, '2020-05-20 20:15:54', '2020-05-20 20:15:54'),
('5024', 'ดอยหล่อ', 50, 1, '2020-05-20 20:15:54', '2020-05-20 20:15:54'),
('5051', 'เทศบาลนครเชียงใหม่ (สาขาแขวงกาลวิละ*', 50, 1, '2020-05-20 20:15:54', '2020-05-20 20:15:54'),
('5052', 'เทศบาลนครเชียงใหม่ (สาขาแขวงศรีวิชั*', 50, 1, '2020-05-20 20:15:54', '2020-05-20 20:15:54'),
('5053', 'เทศบาลนครเชียงใหม่ (สาขาเม็งราย*', 50, 1, '2020-05-20 20:15:54', '2020-05-20 20:15:54'),
('5101', 'เมืองลำพูน', 51, 1, '2020-05-20 20:15:54', '2020-05-20 20:15:54'),
('5102', 'แม่ทา', 51, 1, '2020-05-20 20:15:54', '2020-05-20 20:15:54'),
('5103', 'บ้านโฮ่ง', 51, 1, '2020-05-20 20:15:54', '2020-05-20 20:15:54'),
('5104', 'ลี้', 51, 1, '2020-05-20 20:15:54', '2020-05-20 20:15:54'),
('5105', 'ทุ่งหัวช้าง', 51, 1, '2020-05-20 20:15:54', '2020-05-20 20:15:54'),
('5106', 'ป่าซาง', 51, 1, '2020-05-20 20:15:55', '2020-05-20 20:15:55'),
('5107', 'บ้านธิ', 51, 1, '2020-05-20 20:15:55', '2020-05-20 20:15:55'),
('5108', 'เวียงหนองล่อง', 51, 1, '2020-05-20 20:15:55', '2020-05-20 20:15:55'),
('5201', 'เมืองลำปาง', 52, 1, '2020-05-20 20:15:55', '2020-05-20 20:15:55'),
('5202', 'แม่เมาะ', 52, 1, '2020-05-20 20:15:55', '2020-05-20 20:15:55'),
('5203', 'เกาะคา', 52, 1, '2020-05-20 20:15:55', '2020-05-20 20:15:55'),
('5204', 'เสริมงาม', 52, 1, '2020-05-20 20:15:55', '2020-05-20 20:15:55'),
('5205', 'งาว', 52, 1, '2020-05-20 20:15:55', '2020-05-20 20:15:55'),
('5206', 'แจ้ห่ม', 52, 1, '2020-05-20 20:15:55', '2020-05-20 20:15:55'),
('5207', 'วังเหนือ', 52, 1, '2020-05-20 20:15:55', '2020-05-20 20:15:55'),
('5208', 'เถิน', 52, 1, '2020-05-20 20:15:55', '2020-05-20 20:15:55'),
('5209', 'แม่พริก', 52, 1, '2020-05-20 20:15:55', '2020-05-20 20:15:55'),
('5210', 'แม่ทะ', 52, 1, '2020-05-20 20:15:55', '2020-05-20 20:15:55'),
('5211', 'สบปราบ', 52, 1, '2020-05-20 20:15:55', '2020-05-20 20:15:55'),
('5212', 'ห้างฉัตร', 52, 1, '2020-05-20 20:15:55', '2020-05-20 20:15:55'),
('5213', 'เมืองปาน', 52, 1, '2020-05-20 20:15:55', '2020-05-20 20:15:55'),
('5301', 'เมืองอุตรดิตถ์', 53, 1, '2020-05-20 20:15:55', '2020-05-20 20:15:55'),
('5302', 'ตรอน', 53, 1, '2020-05-20 20:15:55', '2020-05-20 20:15:55'),
('5303', 'ท่าปลา', 53, 1, '2020-05-20 20:15:55', '2020-05-20 20:15:55'),
('5304', 'น้ำปาด', 53, 1, '2020-05-20 20:15:55', '2020-05-20 20:15:55'),
('5305', 'ฟากท่า', 53, 1, '2020-05-20 20:15:55', '2020-05-20 20:15:55'),
('5306', 'บ้านโคก', 53, 1, '2020-05-20 20:15:55', '2020-05-20 20:15:55'),
('5307', 'พิชัย', 53, 1, '2020-05-20 20:15:55', '2020-05-20 20:15:55'),
('5308', 'ลับแล', 53, 1, '2020-05-20 20:15:55', '2020-05-20 20:15:55'),
('5309', 'ทองแสนขัน', 53, 1, '2020-05-20 20:15:55', '2020-05-20 20:15:55'),
('5401', 'เมืองแพร่', 54, 1, '2020-05-20 20:15:55', '2020-05-20 20:15:55'),
('5402', 'ร้องกวาง', 54, 1, '2020-05-20 20:15:55', '2020-05-20 20:15:55'),
('5403', 'ลอง', 54, 1, '2020-05-20 20:15:56', '2020-05-20 20:15:56'),
('5404', 'สูงเม่น', 54, 1, '2020-05-20 20:15:56', '2020-05-20 20:15:56'),
('5405', 'เด่นชัย', 54, 1, '2020-05-20 20:15:56', '2020-05-20 20:15:56'),
('5406', 'สอง', 54, 1, '2020-05-20 20:15:56', '2020-05-20 20:15:56'),
('5407', 'วังชิ้น', 54, 1, '2020-05-20 20:15:56', '2020-05-20 20:15:56'),
('5408', 'หนองม่วงไข่', 54, 1, '2020-05-20 20:15:56', '2020-05-20 20:15:56'),
('5501', 'เมืองน่าน', 55, 1, '2020-05-20 20:15:56', '2020-05-20 20:15:56'),
('5502', 'แม่จริม', 55, 1, '2020-05-20 20:15:56', '2020-05-20 20:15:56'),
('5503', 'บ้านหลวง', 55, 1, '2020-05-20 20:15:56', '2020-05-20 20:15:56'),
('5504', 'นาน้อย', 55, 1, '2020-05-20 20:15:56', '2020-05-20 20:15:56'),
('5505', 'ปัว', 55, 1, '2020-05-20 20:15:56', '2020-05-20 20:15:56'),
('5506', 'ท่าวังผา', 55, 1, '2020-05-20 20:15:56', '2020-05-20 20:15:56'),
('5507', 'เวียงสา', 55, 1, '2020-05-20 20:15:56', '2020-05-20 20:15:56'),
('5508', 'ทุ่งช้าง', 55, 1, '2020-05-20 20:15:56', '2020-05-20 20:15:56'),
('5509', 'เชียงกลาง', 55, 1, '2020-05-20 20:15:56', '2020-05-20 20:15:56'),
('5510', 'นาหมื่น', 55, 1, '2020-05-20 20:15:56', '2020-05-20 20:15:56'),
('5511', 'สันติสุข', 55, 1, '2020-05-20 20:15:56', '2020-05-20 20:15:56'),
('5512', 'บ่อเกลือ', 55, 1, '2020-05-20 20:15:56', '2020-05-20 20:15:56'),
('5513', 'สองแคว', 55, 1, '2020-05-20 20:15:56', '2020-05-20 20:15:56'),
('5514', 'ภูเพียง', 55, 1, '2020-05-20 20:15:56', '2020-05-20 20:15:56'),
('5515', 'เฉลิมพระเกียรติ', 55, 1, '2020-05-20 20:15:56', '2020-05-20 20:15:56'),
('5601', 'เมืองพะเยา', 56, 1, '2020-05-20 20:15:56', '2020-05-20 20:15:56'),
('5602', 'จุน', 56, 1, '2020-05-20 20:15:56', '2020-05-20 20:15:56'),
('5603', 'เชียงคำ', 56, 1, '2020-05-20 20:15:56', '2020-05-20 20:15:56'),
('5604', 'เชียงม่วน', 56, 1, '2020-05-20 20:15:56', '2020-05-20 20:15:56'),
('5605', 'ดอกคำใต้', 56, 1, '2020-05-20 20:15:57', '2020-05-20 20:15:57'),
('5606', 'ปง', 56, 1, '2020-05-20 20:15:57', '2020-05-20 20:15:57'),
('5607', 'แม่ใจ', 56, 1, '2020-05-20 20:15:57', '2020-05-20 20:15:57'),
('5608', 'ภูซาง', 56, 1, '2020-05-20 20:15:57', '2020-05-20 20:15:57'),
('5609', 'ภูกามยาว', 56, 1, '2020-05-20 20:15:57', '2020-05-20 20:15:57'),
('5701', 'เมืองเชียงราย', 57, 1, '2020-05-20 20:15:57', '2020-05-20 20:15:57'),
('5702', 'เวียงชัย', 57, 1, '2020-05-20 20:15:57', '2020-05-20 20:15:57'),
('5703', 'เชียงของ', 57, 1, '2020-05-20 20:15:57', '2020-05-20 20:15:57'),
('5704', 'เทิง', 57, 1, '2020-05-20 20:15:57', '2020-05-20 20:15:57'),
('5705', 'พาน', 57, 1, '2020-05-20 20:15:57', '2020-05-20 20:15:57'),
('5706', 'ป่าแดด', 57, 1, '2020-05-20 20:15:57', '2020-05-20 20:15:57'),
('5707', 'แม่จัน', 57, 1, '2020-05-20 20:15:57', '2020-05-20 20:15:57'),
('5708', 'เชียงแสน', 57, 1, '2020-05-20 20:15:57', '2020-05-20 20:15:57'),
('5709', 'แม่สาย', 57, 1, '2020-05-20 20:15:57', '2020-05-20 20:15:57'),
('5710', 'แม่สรวย', 57, 1, '2020-05-20 20:15:57', '2020-05-20 20:15:57'),
('5711', 'เวียงป่าเป้า', 57, 1, '2020-05-20 20:15:57', '2020-05-20 20:15:57'),
('5712', 'พญาเม็งราย', 57, 1, '2020-05-20 20:15:57', '2020-05-20 20:15:57'),
('5713', 'เวียงแก่น', 57, 1, '2020-05-20 20:15:57', '2020-05-20 20:15:57'),
('5714', 'ขุนตาล', 57, 1, '2020-05-20 20:15:57', '2020-05-20 20:15:57'),
('5715', 'แม่ฟ้าหลวง', 57, 1, '2020-05-20 20:15:57', '2020-05-20 20:15:57'),
('5716', 'แม่ลาว', 57, 1, '2020-05-20 20:15:57', '2020-05-20 20:15:57'),
('5717', 'เวียงเชียงรุ้ง', 57, 1, '2020-05-20 20:15:57', '2020-05-20 20:15:57'),
('5718', 'ดอยหลวง', 57, 1, '2020-05-20 20:15:57', '2020-05-20 20:15:57');
INSERT INTO `district` (`district_code`, `district_name`, `province_code`, `go_id`, `created_at`, `updated_at`) VALUES
('5801', 'เมืองแม่ฮ่องสอน', 58, 1, '2020-05-20 20:15:57', '2020-05-20 20:15:57'),
('5802', 'ขุนยวม', 58, 1, '2020-05-20 20:15:57', '2020-05-20 20:15:57'),
('5803', 'ปาย', 58, 1, '2020-05-20 20:15:57', '2020-05-20 20:15:57'),
('5804', 'แม่สะเรียง', 58, 1, '2020-05-20 20:15:57', '2020-05-20 20:15:57'),
('5805', 'แม่ลาน้อย', 58, 1, '2020-05-20 20:15:57', '2020-05-20 20:15:57'),
('5806', 'สบเมย', 58, 1, '2020-05-20 20:15:58', '2020-05-20 20:15:58'),
('5807', 'ปางมะผ้า', 58, 1, '2020-05-20 20:15:58', '2020-05-20 20:15:58'),
('5881', '*อ.ม่วยต่อ  จ.แม่ฮ่องสอน', 58, 1, '2020-05-20 20:15:58', '2020-05-20 20:15:58'),
('6001', 'เมืองนครสวรรค์', 60, 2, '2020-05-20 20:15:58', '2020-05-20 20:15:58'),
('6002', 'โกรกพระ', 60, 2, '2020-05-20 20:15:58', '2020-05-20 20:15:58'),
('6003', 'ชุมแสง', 60, 2, '2020-05-20 20:15:58', '2020-05-20 20:15:58'),
('6004', 'หนองบัว', 60, 2, '2020-05-20 20:15:58', '2020-05-20 20:15:58'),
('6005', 'บรรพตพิสัย', 60, 2, '2020-05-20 20:15:58', '2020-05-20 20:15:58'),
('6006', 'เก้าเลี้ยว', 60, 2, '2020-05-20 20:15:58', '2020-05-20 20:15:58'),
('6007', 'ตาคลี', 60, 2, '2020-05-20 20:15:58', '2020-05-20 20:15:58'),
('6008', 'ท่าตะโก', 60, 2, '2020-05-20 20:15:58', '2020-05-20 20:15:58'),
('6009', 'ไพศาลี', 60, 2, '2020-05-20 20:15:58', '2020-05-20 20:15:58'),
('6010', 'พยุหะคีรี', 60, 2, '2020-05-20 20:15:58', '2020-05-20 20:15:58'),
('6011', 'ลาดยาว', 60, 2, '2020-05-20 20:15:58', '2020-05-20 20:15:58'),
('6012', 'ตากฟ้า', 60, 2, '2020-05-20 20:15:58', '2020-05-20 20:15:58'),
('6013', 'แม่วงก์', 60, 2, '2020-05-20 20:15:58', '2020-05-20 20:15:58'),
('6014', 'แม่เปิน', 60, 2, '2020-05-20 20:15:58', '2020-05-20 20:15:58'),
('6015', 'ชุมตาบง', 60, 2, '2020-05-20 20:15:58', '2020-05-20 20:15:58'),
('6051', 'สาขาตำบลห้วยน้ำหอม*', 60, 2, '2020-05-20 20:15:58', '2020-05-20 20:15:58'),
('6052', 'กิ่งอำเภอชุมตาบง (สาขาตำบลชุมตาบง)*', 60, 2, '2020-05-20 20:15:58', '2020-05-20 20:15:58'),
('6053', 'แม่วงก์ (สาขาตำบลแม่เล่ย์)*', 60, 2, '2020-05-20 20:15:58', '2020-05-20 20:15:58'),
('6101', 'เมืองอุทัยธานี', 61, 2, '2020-05-20 20:15:58', '2020-05-20 20:15:58'),
('6102', 'ทัพทัน', 61, 2, '2020-05-20 20:15:58', '2020-05-20 20:15:58'),
('6103', 'สว่างอารมณ์', 61, 2, '2020-05-20 20:15:58', '2020-05-20 20:15:58'),
('6104', 'หนองฉาง', 61, 2, '2020-05-20 20:15:58', '2020-05-20 20:15:58'),
('6105', 'หนองขาหย่าง', 61, 2, '2020-05-20 20:15:58', '2020-05-20 20:15:58'),
('6106', 'บ้านไร่', 61, 2, '2020-05-20 20:15:58', '2020-05-20 20:15:58'),
('6107', 'ลานสัก', 61, 2, '2020-05-20 20:15:58', '2020-05-20 20:15:58'),
('6108', 'ห้วยคต', 61, 2, '2020-05-20 20:15:58', '2020-05-20 20:15:58'),
('6201', 'เมืองกำแพงเพชร', 62, 2, '2020-05-20 20:15:58', '2020-05-20 20:15:58'),
('6202', 'ไทรงาม', 62, 2, '2020-05-20 20:15:58', '2020-05-20 20:15:58'),
('6203', 'คลองลาน', 62, 2, '2020-05-20 20:15:58', '2020-05-20 20:15:58'),
('6204', 'ขาณุวรลักษบุรี', 62, 2, '2020-05-20 20:15:59', '2020-05-20 20:15:59'),
('6205', 'คลองขลุง', 62, 2, '2020-05-20 20:15:59', '2020-05-20 20:15:59'),
('6206', 'พรานกระต่าย', 62, 2, '2020-05-20 20:15:59', '2020-05-20 20:15:59'),
('6207', 'ลานกระบือ', 62, 2, '2020-05-20 20:15:59', '2020-05-20 20:15:59'),
('6208', 'ทรายทองวัฒนา', 62, 2, '2020-05-20 20:15:59', '2020-05-20 20:15:59'),
('6209', 'ปางศิลาทอง', 62, 2, '2020-05-20 20:15:59', '2020-05-20 20:15:59'),
('6210', 'บึงสามัคคี', 62, 2, '2020-05-20 20:15:59', '2020-05-20 20:15:59'),
('6211', 'โกสัมพีนคร', 62, 2, '2020-05-20 20:15:59', '2020-05-20 20:15:59'),
('6301', 'เมืองตาก', 63, 4, '2020-05-20 20:15:59', '2020-05-20 20:15:59'),
('6302', 'บ้านตาก', 63, 4, '2020-05-20 20:15:59', '2020-05-20 20:15:59'),
('6303', 'สามเงา', 63, 4, '2020-05-20 20:15:59', '2020-05-20 20:15:59'),
('6304', 'แม่ระมาด', 63, 4, '2020-05-20 20:15:59', '2020-05-20 20:15:59'),
('6305', 'ท่าสองยาง', 63, 4, '2020-05-20 20:15:59', '2020-05-20 20:15:59'),
('6306', 'แม่สอด', 63, 4, '2020-05-20 20:15:59', '2020-05-20 20:15:59'),
('6307', 'พบพระ', 63, 4, '2020-05-20 20:15:59', '2020-05-20 20:15:59'),
('6308', 'อุ้มผาง', 63, 4, '2020-05-20 20:15:59', '2020-05-20 20:15:59'),
('6309', 'วังเจ้า', 63, 4, '2020-05-20 20:15:59', '2020-05-20 20:15:59'),
('6381', '*กิ่ง อ.ท่าปุย  จ.ตาก', 63, 4, '2020-05-20 20:15:59', '2020-05-20 20:15:59'),
('6401', 'เมืองสุโขทัย', 64, 2, '2020-05-20 20:15:59', '2020-05-20 20:15:59'),
('6402', 'บ้านด่านลานหอย', 64, 2, '2020-05-20 20:15:59', '2020-05-20 20:15:59'),
('6403', 'คีรีมาศ', 64, 2, '2020-05-20 20:15:59', '2020-05-20 20:15:59'),
('6404', 'กงไกรลาศ', 64, 2, '2020-05-20 20:15:59', '2020-05-20 20:15:59'),
('6405', 'ศรีสัชนาลัย', 64, 2, '2020-05-20 20:15:59', '2020-05-20 20:15:59'),
('6406', 'ศรีสำโรง', 64, 2, '2020-05-20 20:15:59', '2020-05-20 20:15:59'),
('6407', 'สวรรคโลก', 64, 2, '2020-05-20 20:15:59', '2020-05-20 20:15:59'),
('6408', 'ศรีนคร', 64, 2, '2020-05-20 20:15:59', '2020-05-20 20:15:59'),
('6409', 'ทุ่งเสลี่ยม', 64, 2, '2020-05-20 20:15:59', '2020-05-20 20:15:59'),
('6501', 'เมืองพิษณุโลก', 65, 2, '2020-05-20 20:15:59', '2020-05-20 20:15:59'),
('6502', 'นครไทย', 65, 2, '2020-05-20 20:16:00', '2020-05-20 20:16:00'),
('6503', 'ชาติตระการ', 65, 2, '2020-05-20 20:16:00', '2020-05-20 20:16:00'),
('6504', 'บางระกำ', 65, 2, '2020-05-20 20:16:00', '2020-05-20 20:16:00'),
('6505', 'บางกระทุ่ม', 65, 2, '2020-05-20 20:16:00', '2020-05-20 20:16:00'),
('6506', 'พรหมพิราม', 65, 2, '2020-05-20 20:16:00', '2020-05-20 20:16:00'),
('6507', 'วัดโบสถ์', 65, 2, '2020-05-20 20:16:00', '2020-05-20 20:16:00'),
('6508', 'วังทอง', 65, 2, '2020-05-20 20:16:00', '2020-05-20 20:16:00'),
('6509', 'เนินมะปราง', 65, 2, '2020-05-20 20:16:00', '2020-05-20 20:16:00'),
('6601', 'เมืองพิจิตร', 66, 2, '2020-05-20 20:16:00', '2020-05-20 20:16:00'),
('6602', 'วังทรายพูน', 66, 2, '2020-05-20 20:16:00', '2020-05-20 20:16:00'),
('6603', 'โพธิ์ประทับช้าง', 66, 2, '2020-05-20 20:16:00', '2020-05-20 20:16:00'),
('6604', 'ตะพานหิน', 66, 2, '2020-05-20 20:16:00', '2020-05-20 20:16:00'),
('6605', 'บางมูลนาก', 66, 2, '2020-05-20 20:16:00', '2020-05-20 20:16:00'),
('6606', 'โพทะเล', 66, 2, '2020-05-20 20:16:00', '2020-05-20 20:16:00'),
('6607', 'สามง่าม', 66, 2, '2020-05-20 20:16:00', '2020-05-20 20:16:00'),
('6608', 'ทับคล้อ', 66, 2, '2020-05-20 20:16:00', '2020-05-20 20:16:00'),
('6609', 'สากเหล็ก', 66, 2, '2020-05-20 20:16:00', '2020-05-20 20:16:00'),
('6610', 'บึงนาราง', 66, 2, '2020-05-20 20:16:00', '2020-05-20 20:16:00'),
('6611', 'ดงเจริญ', 66, 2, '2020-05-20 20:16:00', '2020-05-20 20:16:00'),
('6612', 'วชิรบารมี', 66, 2, '2020-05-20 20:16:00', '2020-05-20 20:16:00'),
('6701', 'เมืองเพชรบูรณ์', 67, 2, '2020-05-20 20:16:00', '2020-05-20 20:16:00'),
('6702', 'ชนแดน', 67, 2, '2020-05-20 20:16:00', '2020-05-20 20:16:00'),
('6703', 'หล่มสัก', 67, 2, '2020-05-20 20:16:00', '2020-05-20 20:16:00'),
('6704', 'หล่มเก่า', 67, 2, '2020-05-20 20:16:00', '2020-05-20 20:16:00'),
('6705', 'วิเชียรบุรี', 67, 2, '2020-05-20 20:16:00', '2020-05-20 20:16:00'),
('6706', 'ศรีเทพ', 67, 2, '2020-05-20 20:16:00', '2020-05-20 20:16:00'),
('6707', 'หนองไผ่', 67, 2, '2020-05-20 20:16:00', '2020-05-20 20:16:00'),
('6708', 'บึงสามพัน', 67, 2, '2020-05-20 20:16:00', '2020-05-20 20:16:00'),
('6709', 'น้ำหนาว', 67, 2, '2020-05-20 20:16:01', '2020-05-20 20:16:01'),
('6710', 'วังโป่ง', 67, 2, '2020-05-20 20:16:01', '2020-05-20 20:16:01'),
('6711', 'เขาค้อ', 67, 2, '2020-05-20 20:16:01', '2020-05-20 20:16:01'),
('7001', 'เมืองราชบุรี', 70, 4, '2020-05-20 20:16:01', '2020-05-20 20:16:01'),
('7002', 'จอมบึง', 70, 4, '2020-05-20 20:16:01', '2020-05-20 20:16:01'),
('7003', 'สวนผึ้ง', 70, 4, '2020-05-20 20:16:01', '2020-05-20 20:16:01'),
('7004', 'ดำเนินสะดวก', 70, 4, '2020-05-20 20:16:01', '2020-05-20 20:16:01'),
('7005', 'บ้านโป่ง', 70, 4, '2020-05-20 20:16:01', '2020-05-20 20:16:01'),
('7006', 'บางแพ', 70, 4, '2020-05-20 20:16:01', '2020-05-20 20:16:01'),
('7007', 'โพธาราม', 70, 4, '2020-05-20 20:16:01', '2020-05-20 20:16:01'),
('7008', 'ปากท่อ', 70, 4, '2020-05-20 20:16:01', '2020-05-20 20:16:01'),
('7009', 'วัดเพลง', 70, 4, '2020-05-20 20:16:01', '2020-05-20 20:16:01'),
('7010', 'บ้านคา', 70, 4, '2020-05-20 20:16:01', '2020-05-20 20:16:01'),
('7074', 'ท้องถิ่นเทศบาลตำบลบ้านฆ้อง', 70, 4, '2020-05-20 20:16:01', '2020-05-20 20:16:01'),
('7101', 'เมืองกาญจนบุรี', 71, 4, '2020-05-20 20:16:01', '2020-05-20 20:16:01'),
('7102', 'ไทรโยค', 71, 4, '2020-05-20 20:16:01', '2020-05-20 20:16:01'),
('7103', 'บ่อพลอย', 71, 4, '2020-05-20 20:16:01', '2020-05-20 20:16:01'),
('7104', 'ศรีสวัสดิ์', 71, 4, '2020-05-20 20:16:01', '2020-05-20 20:16:01'),
('7105', 'ท่ามะกา', 71, 4, '2020-05-20 20:16:01', '2020-05-20 20:16:01'),
('7106', 'ท่าม่วง', 71, 4, '2020-05-20 20:16:01', '2020-05-20 20:16:01'),
('7107', 'ทองผาภูมิ', 71, 4, '2020-05-20 20:16:01', '2020-05-20 20:16:01'),
('7108', 'สังขละบุรี', 71, 4, '2020-05-20 20:16:01', '2020-05-20 20:16:01'),
('7109', 'พนมทวน', 71, 4, '2020-05-20 20:16:01', '2020-05-20 20:16:01'),
('7110', 'เลาขวัญ', 71, 4, '2020-05-20 20:16:01', '2020-05-20 20:16:01'),
('7111', 'ด่านมะขามเตี้ย', 71, 4, '2020-05-20 20:16:01', '2020-05-20 20:16:01'),
('7112', 'หนองปรือ', 71, 4, '2020-05-20 20:16:01', '2020-05-20 20:16:01'),
('7113', 'ห้วยกระเจา', 71, 4, '2020-05-20 20:16:01', '2020-05-20 20:16:01'),
('7151', 'สาขาตำบลท่ากระดาน*', 71, 4, '2020-05-20 20:16:02', '2020-05-20 20:16:02'),
('7181', '*บ้านทวน  จ.กาญจนบุรี', 71, 4, '2020-05-20 20:16:02', '2020-05-20 20:16:02'),
('7201', 'เมืองสุพรรณบุรี', 72, 2, '2020-05-20 20:16:02', '2020-05-20 20:16:02'),
('7202', 'เดิมบางนางบวช', 72, 2, '2020-05-20 20:16:02', '2020-05-20 20:16:02'),
('7203', 'ด่านช้าง', 72, 2, '2020-05-20 20:16:02', '2020-05-20 20:16:02'),
('7204', 'บางปลาม้า', 72, 2, '2020-05-20 20:16:02', '2020-05-20 20:16:02'),
('7205', 'ศรีประจันต์', 72, 2, '2020-05-20 20:16:02', '2020-05-20 20:16:02'),
('7206', 'ดอนเจดีย์', 72, 2, '2020-05-20 20:16:02', '2020-05-20 20:16:02'),
('7207', 'สองพี่น้อง', 72, 2, '2020-05-20 20:16:02', '2020-05-20 20:16:02'),
('7208', 'สามชุก', 72, 2, '2020-05-20 20:16:02', '2020-05-20 20:16:02'),
('7209', 'อู่ทอง', 72, 2, '2020-05-20 20:16:02', '2020-05-20 20:16:02'),
('7210', 'หนองหญ้าไซ', 72, 2, '2020-05-20 20:16:02', '2020-05-20 20:16:02'),
('7301', 'เมืองนครปฐม', 73, 2, '2020-05-20 20:16:02', '2020-05-20 20:16:02'),
('7302', 'กำแพงแสน', 73, 2, '2020-05-20 20:16:02', '2020-05-20 20:16:02'),
('7303', 'นครชัยศรี', 73, 2, '2020-05-20 20:16:02', '2020-05-20 20:16:02'),
('7304', 'ดอนตูม', 73, 2, '2020-05-20 20:16:02', '2020-05-20 20:16:02'),
('7305', 'บางเลน', 73, 2, '2020-05-20 20:16:02', '2020-05-20 20:16:02'),
('7306', 'สามพราน', 73, 2, '2020-05-20 20:16:02', '2020-05-20 20:16:02'),
('7307', 'พุทธมณฑล', 73, 2, '2020-05-20 20:16:02', '2020-05-20 20:16:02'),
('7401', 'เมืองสมุทรสาคร', 74, 2, '2020-05-20 20:16:02', '2020-05-20 20:16:02'),
('7402', 'กระทุ่มแบน', 74, 2, '2020-05-20 20:16:02', '2020-05-20 20:16:02'),
('7403', 'บ้านแพ้ว', 74, 2, '2020-05-20 20:16:02', '2020-05-20 20:16:02'),
('7501', 'เมืองสมุทรสงคราม', 75, 2, '2020-05-20 20:16:02', '2020-05-20 20:16:02'),
('7502', 'บางคนที', 75, 2, '2020-05-20 20:16:02', '2020-05-20 20:16:02'),
('7503', 'อัมพวา', 75, 2, '2020-05-20 20:16:02', '2020-05-20 20:16:02'),
('7601', 'เมืองเพชรบุรี', 76, 4, '2020-05-20 20:16:02', '2020-05-20 20:16:02'),
('7602', 'เขาย้อย', 76, 4, '2020-05-20 20:16:03', '2020-05-20 20:16:03'),
('7603', 'หนองหญ้าปล้อง', 76, 4, '2020-05-20 20:16:03', '2020-05-20 20:16:03'),
('7604', 'ชะอำ', 76, 4, '2020-05-20 20:16:03', '2020-05-20 20:16:03'),
('7605', 'ท่ายาง', 76, 4, '2020-05-20 20:16:03', '2020-05-20 20:16:03'),
('7606', 'บ้านลาด', 76, 4, '2020-05-20 20:16:03', '2020-05-20 20:16:03'),
('7607', 'บ้านแหลม', 76, 4, '2020-05-20 20:16:03', '2020-05-20 20:16:03'),
('7608', 'แก่งกระจาน', 76, 4, '2020-05-20 20:16:03', '2020-05-20 20:16:03'),
('7701', 'เมืองประจวบคีรีขันธ์', 77, 4, '2020-05-20 20:16:03', '2020-05-20 20:16:03'),
('7702', 'กุยบุรี', 77, 4, '2020-05-20 20:16:03', '2020-05-20 20:16:03'),
('7703', 'ทับสะแก', 77, 4, '2020-05-20 20:16:03', '2020-05-20 20:16:03'),
('7704', 'บางสะพาน', 77, 4, '2020-05-20 20:16:03', '2020-05-20 20:16:03'),
('7705', 'บางสะพานน้อย', 77, 4, '2020-05-20 20:16:03', '2020-05-20 20:16:03'),
('7706', 'ปราณบุรี', 77, 4, '2020-05-20 20:16:03', '2020-05-20 20:16:03'),
('7707', 'หัวหิน', 77, 4, '2020-05-20 20:16:03', '2020-05-20 20:16:03'),
('7708', 'สามร้อยยอด', 77, 4, '2020-05-20 20:16:03', '2020-05-20 20:16:03'),
('8001', 'เมืองนครศรีธรรมราช', 80, 6, '2020-05-20 20:16:03', '2020-05-20 20:16:03'),
('8002', 'พรหมคีรี', 80, 6, '2020-05-20 20:16:03', '2020-05-20 20:16:03'),
('8003', 'ลานสกา', 80, 6, '2020-05-20 20:16:03', '2020-05-20 20:16:03'),
('8004', 'ฉวาง', 80, 6, '2020-05-20 20:16:03', '2020-05-20 20:16:03'),
('8005', 'พิปูน', 80, 6, '2020-05-20 20:16:03', '2020-05-20 20:16:03'),
('8006', 'เชียรใหญ่', 80, 6, '2020-05-20 20:16:03', '2020-05-20 20:16:03'),
('8007', 'ชะอวด', 80, 6, '2020-05-20 20:16:03', '2020-05-20 20:16:03'),
('8008', 'ท่าศาลา', 80, 6, '2020-05-20 20:16:03', '2020-05-20 20:16:03'),
('8009', 'ทุ่งสง', 80, 6, '2020-05-20 20:16:03', '2020-05-20 20:16:03'),
('8010', 'นาบอน', 80, 6, '2020-05-20 20:16:03', '2020-05-20 20:16:03'),
('8011', 'ทุ่งใหญ่', 80, 6, '2020-05-20 20:16:03', '2020-05-20 20:16:03'),
('8012', 'ปากพนัง', 80, 6, '2020-05-20 20:16:03', '2020-05-20 20:16:03'),
('8013', 'ร่อนพิบูลย์', 80, 6, '2020-05-20 20:16:03', '2020-05-20 20:16:03'),
('8014', 'สิชล', 80, 6, '2020-05-20 20:16:03', '2020-05-20 20:16:03'),
('8015', 'ขนอม', 80, 6, '2020-05-20 20:16:03', '2020-05-20 20:16:03'),
('8016', 'หัวไทร', 80, 6, '2020-05-20 20:16:03', '2020-05-20 20:16:03'),
('8017', 'บางขัน', 80, 6, '2020-05-20 20:16:03', '2020-05-20 20:16:03'),
('8018', 'ถ้ำพรรณรา', 80, 6, '2020-05-20 20:16:03', '2020-05-20 20:16:03'),
('8019', 'จุฬาภรณ์', 80, 6, '2020-05-20 20:16:03', '2020-05-20 20:16:03'),
('8020', 'พระพรหม', 80, 6, '2020-05-20 20:16:03', '2020-05-20 20:16:03'),
('8021', 'นบพิตำ', 80, 6, '2020-05-20 20:16:03', '2020-05-20 20:16:03'),
('8022', 'ช้างกลาง', 80, 6, '2020-05-20 20:16:03', '2020-05-20 20:16:03'),
('8023', 'เฉลิมพระเกียรติ', 80, 6, '2020-05-20 20:16:03', '2020-05-20 20:16:03'),
('8051', 'เชียรใหญ่ (สาขาตำบลเสือหึง)*', 80, 6, '2020-05-20 20:16:04', '2020-05-20 20:16:04'),
('8052', 'สาขาตำบลสวนหลวง**', 80, 6, '2020-05-20 20:16:04', '2020-05-20 20:16:04'),
('8053', 'ร่อนพิบูลย์ (สาขาตำบลหินตก)*', 80, 6, '2020-05-20 20:16:04', '2020-05-20 20:16:04'),
('8054', 'หัวไทร (สาขาตำบลควนชะลิก)*', 80, 6, '2020-05-20 20:16:04', '2020-05-20 20:16:04'),
('8055', 'ทุ่งสง (สาขาตำบลกะปาง)*', 80, 6, '2020-05-20 20:16:04', '2020-05-20 20:16:04'),
('8101', 'เมืองกระบี่', 81, 6, '2020-05-20 20:16:04', '2020-05-20 20:16:04'),
('8102', 'เขาพนม', 81, 6, '2020-05-20 20:16:04', '2020-05-20 20:16:04'),
('8103', 'เกาะลันตา', 81, 6, '2020-05-20 20:16:04', '2020-05-20 20:16:04'),
('8104', 'คลองท่อม', 81, 6, '2020-05-20 20:16:04', '2020-05-20 20:16:04'),
('8105', 'อ่าวลึก', 81, 6, '2020-05-20 20:16:04', '2020-05-20 20:16:04'),
('8106', 'ปลายพระยา', 81, 6, '2020-05-20 20:16:04', '2020-05-20 20:16:04'),
('8107', 'ลำทับ', 81, 6, '2020-05-20 20:16:04', '2020-05-20 20:16:04'),
('8108', 'เหนือคลอง', 81, 6, '2020-05-20 20:16:04', '2020-05-20 20:16:04'),
('8201', 'เมืองพังงา', 82, 6, '2020-05-20 20:16:04', '2020-05-20 20:16:04'),
('8202', 'เกาะยาว', 82, 6, '2020-05-20 20:16:04', '2020-05-20 20:16:04'),
('8203', 'กะปง', 82, 6, '2020-05-20 20:16:04', '2020-05-20 20:16:04'),
('8204', 'ตะกั่วทุ่ง', 82, 6, '2020-05-20 20:16:04', '2020-05-20 20:16:04'),
('8205', 'ตะกั่วป่า', 82, 6, '2020-05-20 20:16:04', '2020-05-20 20:16:04'),
('8206', 'คุระบุรี', 82, 6, '2020-05-20 20:16:04', '2020-05-20 20:16:04'),
('8207', 'ทับปุด', 82, 6, '2020-05-20 20:16:04', '2020-05-20 20:16:04'),
('8208', 'ท้ายเหมือง', 82, 6, '2020-05-20 20:16:04', '2020-05-20 20:16:04'),
('8301', 'เมืองภูเก็ต', 83, 6, '2020-05-20 20:16:04', '2020-05-20 20:16:04'),
('8302', 'กะทู้', 83, 6, '2020-05-20 20:16:04', '2020-05-20 20:16:04'),
('8303', 'ถลาง', 83, 6, '2020-05-20 20:16:04', '2020-05-20 20:16:04'),
('8381', '*ทุ่งคา', 83, 6, '2020-05-20 20:16:04', '2020-05-20 20:16:04'),
('8401', 'เมืองสุราษฎร์ธานี', 84, 6, '2020-05-20 20:16:04', '2020-05-20 20:16:04'),
('8402', 'กาญจนดิษฐ์', 84, 6, '2020-05-20 20:16:04', '2020-05-20 20:16:04'),
('8403', 'ดอนสัก', 84, 6, '2020-05-20 20:16:04', '2020-05-20 20:16:04'),
('8404', 'เกาะสมุย', 84, 6, '2020-05-20 20:16:04', '2020-05-20 20:16:04'),
('8405', 'เกาะพะงัน', 84, 6, '2020-05-20 20:16:04', '2020-05-20 20:16:04'),
('8406', 'ไชยา', 84, 6, '2020-05-20 20:16:04', '2020-05-20 20:16:04'),
('8407', 'ท่าชนะ', 84, 6, '2020-05-20 20:16:04', '2020-05-20 20:16:04'),
('8408', 'คีรีรัฐนิคม', 84, 6, '2020-05-20 20:16:04', '2020-05-20 20:16:04'),
('8409', 'บ้านตาขุน', 84, 6, '2020-05-20 20:16:04', '2020-05-20 20:16:04'),
('8410', 'พนม', 84, 6, '2020-05-20 20:16:04', '2020-05-20 20:16:04'),
('8411', 'ท่าฉาง', 84, 6, '2020-05-20 20:16:04', '2020-05-20 20:16:04'),
('8412', 'บ้านนาสาร', 84, 6, '2020-05-20 20:16:04', '2020-05-20 20:16:04'),
('8413', 'บ้านนาเดิม', 84, 6, '2020-05-20 20:16:05', '2020-05-20 20:16:05'),
('8414', 'เคียนซา', 84, 6, '2020-05-20 20:16:05', '2020-05-20 20:16:05'),
('8415', 'เวียงสระ', 84, 6, '2020-05-20 20:16:05', '2020-05-20 20:16:05'),
('8416', 'พระแสง', 84, 6, '2020-05-20 20:16:05', '2020-05-20 20:16:05'),
('8417', 'พุนพิน', 84, 6, '2020-05-20 20:16:05', '2020-05-20 20:16:05'),
('8418', 'ชัยบุรี', 84, 6, '2020-05-20 20:16:05', '2020-05-20 20:16:05'),
('8419', 'วิภาวดี', 84, 6, '2020-05-20 20:16:05', '2020-05-20 20:16:05'),
('8451', 'เกาะพงัน (สาขาตำบลเกาะเต่า)*', 84, 6, '2020-05-20 20:16:05', '2020-05-20 20:16:05'),
('8481', '*อ.บ้านดอน  จ.สุราษฎร์ธานี', 84, 6, '2020-05-20 20:16:05', '2020-05-20 20:16:05'),
('8501', 'เมืองระนอง', 85, 6, '2020-05-20 20:16:05', '2020-05-20 20:16:05'),
('8502', 'ละอุ่น', 85, 6, '2020-05-20 20:16:05', '2020-05-20 20:16:05'),
('8503', 'กะเปอร์', 85, 6, '2020-05-20 20:16:05', '2020-05-20 20:16:05'),
('8504', 'กระบุรี', 85, 6, '2020-05-20 20:16:05', '2020-05-20 20:16:05'),
('8505', 'สุขสำราญ', 85, 6, '2020-05-20 20:16:05', '2020-05-20 20:16:05'),
('8601', 'เมืองชุมพร', 86, 6, '2020-05-20 20:16:05', '2020-05-20 20:16:05'),
('8602', 'ท่าแซะ', 86, 6, '2020-05-20 20:16:05', '2020-05-20 20:16:05'),
('8603', 'ปะทิว', 86, 6, '2020-05-20 20:16:05', '2020-05-20 20:16:05'),
('8604', 'หลังสวน', 86, 6, '2020-05-20 20:16:05', '2020-05-20 20:16:05'),
('8605', 'ละแม', 86, 6, '2020-05-20 20:16:05', '2020-05-20 20:16:05'),
('8606', 'พะโต๊ะ', 86, 6, '2020-05-20 20:16:05', '2020-05-20 20:16:05'),
('8607', 'สวี', 86, 6, '2020-05-20 20:16:05', '2020-05-20 20:16:05'),
('8608', 'ทุ่งตะโก', 86, 6, '2020-05-20 20:16:05', '2020-05-20 20:16:05'),
('9001', 'เมืองสงขลา', 90, 6, '2020-05-20 20:16:05', '2020-05-20 20:16:05'),
('9002', 'สทิงพระ', 90, 6, '2020-05-20 20:16:05', '2020-05-20 20:16:05'),
('9003', 'จะนะ', 90, 6, '2020-05-20 20:16:05', '2020-05-20 20:16:05'),
('9004', 'นาทวี', 90, 6, '2020-05-20 20:16:06', '2020-05-20 20:16:06'),
('9005', 'เทพา', 90, 6, '2020-05-20 20:16:06', '2020-05-20 20:16:06'),
('9006', 'สะบ้าย้อย', 90, 6, '2020-05-20 20:16:06', '2020-05-20 20:16:06'),
('9007', 'ระโนด', 90, 6, '2020-05-20 20:16:06', '2020-05-20 20:16:06'),
('9008', 'กระแสสินธุ์', 90, 6, '2020-05-20 20:16:06', '2020-05-20 20:16:06'),
('9009', 'รัตภูมิ', 90, 6, '2020-05-20 20:16:06', '2020-05-20 20:16:06'),
('9010', 'สะเดา', 90, 6, '2020-05-20 20:16:06', '2020-05-20 20:16:06'),
('9011', 'หาดใหญ่', 90, 6, '2020-05-20 20:16:06', '2020-05-20 20:16:06'),
('9012', 'นาหม่อม', 90, 6, '2020-05-20 20:16:06', '2020-05-20 20:16:06'),
('9013', 'ควนเนียง', 90, 6, '2020-05-20 20:16:06', '2020-05-20 20:16:06'),
('9014', 'บางกล่ำ', 90, 6, '2020-05-20 20:16:06', '2020-05-20 20:16:06'),
('9015', 'สิงหนคร', 90, 6, '2020-05-20 20:16:06', '2020-05-20 20:16:06'),
('9016', 'คลองหอยโข่ง', 90, 6, '2020-05-20 20:16:06', '2020-05-20 20:16:06'),
('9077', 'ท้องถิ่นเทศบาลตำบลสำนักขาม', 90, 6, '2020-05-20 20:16:06', '2020-05-20 20:16:06'),
('9096', 'เทศบาลตำบลบ้านพรุ*', 90, 6, '2020-05-20 20:16:06', '2020-05-20 20:16:06'),
('9101', 'เมืองสตูล', 91, 6, '2020-05-20 20:16:06', '2020-05-20 20:16:06'),
('9102', 'ควนโดน', 91, 6, '2020-05-20 20:16:06', '2020-05-20 20:16:06'),
('9103', 'ควนกาหลง', 91, 6, '2020-05-20 20:16:06', '2020-05-20 20:16:06'),
('9104', 'ท่าแพ', 91, 6, '2020-05-20 20:16:06', '2020-05-20 20:16:06'),
('9105', 'ละงู', 91, 6, '2020-05-20 20:16:06', '2020-05-20 20:16:06'),
('9106', 'ทุ่งหว้า', 91, 6, '2020-05-20 20:16:06', '2020-05-20 20:16:06'),
('9107', 'มะนัง', 91, 6, '2020-05-20 20:16:06', '2020-05-20 20:16:06'),
('9201', 'เมืองตรัง', 92, 6, '2020-05-20 20:16:06', '2020-05-20 20:16:06'),
('9202', 'กันตัง', 92, 6, '2020-05-20 20:16:06', '2020-05-20 20:16:06'),
('9203', 'ย่านตาขาว', 92, 6, '2020-05-20 20:16:06', '2020-05-20 20:16:06'),
('9204', 'ปะเหลียน', 92, 6, '2020-05-20 20:16:06', '2020-05-20 20:16:06'),
('9205', 'สิเกา', 92, 6, '2020-05-20 20:16:06', '2020-05-20 20:16:06'),
('9206', 'ห้วยยอด', 92, 6, '2020-05-20 20:16:06', '2020-05-20 20:16:06'),
('9207', 'วังวิเศษ', 92, 6, '2020-05-20 20:16:06', '2020-05-20 20:16:06'),
('9208', 'นาโยง', 92, 6, '2020-05-20 20:16:06', '2020-05-20 20:16:06'),
('9209', 'รัษฎา', 92, 6, '2020-05-20 20:16:06', '2020-05-20 20:16:06'),
('9210', 'หาดสำราญ', 92, 6, '2020-05-20 20:16:06', '2020-05-20 20:16:06'),
('9251', 'อำเภอเมืองตรัง(สาขาคลองเต็ง)**', 92, 6, '2020-05-20 20:16:07', '2020-05-20 20:16:07'),
('9301', 'เมืองพัทลุง', 93, 6, '2020-05-20 20:16:07', '2020-05-20 20:16:07'),
('9302', 'กงหรา', 93, 6, '2020-05-20 20:16:07', '2020-05-20 20:16:07'),
('9303', 'เขาชัยสน', 93, 6, '2020-05-20 20:16:07', '2020-05-20 20:16:07'),
('9304', 'ตะโหมด', 93, 6, '2020-05-20 20:16:07', '2020-05-20 20:16:07'),
('9305', 'ควนขนุน', 93, 6, '2020-05-20 20:16:07', '2020-05-20 20:16:07'),
('9306', 'ปากพะยูน', 93, 6, '2020-05-20 20:16:07', '2020-05-20 20:16:07'),
('9307', 'ศรีบรรพต', 93, 6, '2020-05-20 20:16:07', '2020-05-20 20:16:07'),
('9308', 'ป่าบอน', 93, 6, '2020-05-20 20:16:07', '2020-05-20 20:16:07'),
('9309', 'บางแก้ว', 93, 6, '2020-05-20 20:16:07', '2020-05-20 20:16:07'),
('9310', 'ป่าพะยอม', 93, 6, '2020-05-20 20:16:07', '2020-05-20 20:16:07'),
('9311', 'ศรีนครินทร์', 93, 6, '2020-05-20 20:16:07', '2020-05-20 20:16:07'),
('9401', 'เมืองปัตตานี', 94, 6, '2020-05-20 20:16:07', '2020-05-20 20:16:07'),
('9402', 'โคกโพธิ์', 94, 6, '2020-05-20 20:16:07', '2020-05-20 20:16:07'),
('9403', 'หนองจิก', 94, 6, '2020-05-20 20:16:07', '2020-05-20 20:16:07'),
('9404', 'ปะนาเระ', 94, 6, '2020-05-20 20:16:07', '2020-05-20 20:16:07'),
('9405', 'มายอ', 94, 6, '2020-05-20 20:16:07', '2020-05-20 20:16:07'),
('9406', 'ทุ่งยางแดง', 94, 6, '2020-05-20 20:16:07', '2020-05-20 20:16:07'),
('9407', 'สายบุรี', 94, 6, '2020-05-20 20:16:07', '2020-05-20 20:16:07'),
('9408', 'ไม้แก่น', 94, 6, '2020-05-20 20:16:07', '2020-05-20 20:16:07'),
('9409', 'ยะหริ่ง', 94, 6, '2020-05-20 20:16:07', '2020-05-20 20:16:07'),
('9410', 'ยะรัง', 94, 6, '2020-05-20 20:16:07', '2020-05-20 20:16:07'),
('9411', 'กะพ้อ', 94, 6, '2020-05-20 20:16:07', '2020-05-20 20:16:07'),
('9412', 'แม่ลาน', 94, 6, '2020-05-20 20:16:07', '2020-05-20 20:16:07'),
('9501', 'เมืองยะลา', 95, 6, '2020-05-20 20:16:07', '2020-05-20 20:16:07'),
('9502', 'เบตง', 95, 6, '2020-05-20 20:16:07', '2020-05-20 20:16:07'),
('9503', 'บันนังสตา', 95, 6, '2020-05-20 20:16:07', '2020-05-20 20:16:07'),
('9504', 'ธารโต', 95, 6, '2020-05-20 20:16:08', '2020-05-20 20:16:08'),
('9505', 'ยะหา', 95, 6, '2020-05-20 20:16:08', '2020-05-20 20:16:08'),
('9506', 'รามัน', 95, 6, '2020-05-20 20:16:08', '2020-05-20 20:16:08'),
('9507', 'กาบัง', 95, 6, '2020-05-20 20:16:08', '2020-05-20 20:16:08'),
('9508', 'กรงปินัง', 95, 6, '2020-05-20 20:16:08', '2020-05-20 20:16:08'),
('9601', 'เมืองนราธิวาส', 96, 6, '2020-05-20 20:16:08', '2020-05-20 20:16:08'),
('9602', 'ตากใบ', 96, 6, '2020-05-20 20:16:08', '2020-05-20 20:16:08'),
('9603', 'บาเจาะ', 96, 6, '2020-05-20 20:16:08', '2020-05-20 20:16:08'),
('9604', 'ยี่งอ', 96, 6, '2020-05-20 20:16:08', '2020-05-20 20:16:08'),
('9605', 'ระแงะ', 96, 6, '2020-05-20 20:16:08', '2020-05-20 20:16:08'),
('9606', 'รือเสาะ', 96, 6, '2020-05-20 20:16:08', '2020-05-20 20:16:08'),
('9607', 'ศรีสาคร', 96, 6, '2020-05-20 20:16:08', '2020-05-20 20:16:08'),
('9608', 'แว้ง', 96, 6, '2020-05-20 20:16:08', '2020-05-20 20:16:08'),
('9609', 'สุคิริน', 96, 6, '2020-05-20 20:16:08', '2020-05-20 20:16:08'),
('9610', 'สุไหงโก-ลก', 96, 6, '2020-05-20 20:16:08', '2020-05-20 20:16:08'),
('9611', 'สุไหงปาดี', 96, 6, '2020-05-20 20:16:08', '2020-05-20 20:16:08'),
('9612', 'จะแนะ', 96, 6, '2020-05-20 20:16:08', '2020-05-20 20:16:08'),
('9613', 'เจาะไอร้อง', 96, 6, '2020-05-20 20:16:08', '2020-05-20 20:16:08'),
('9681', 'อ.บางนรา  จ.นราธิวาส', 96, 6, '2020-05-20 20:16:08', '2020-05-20 20:16:08');

-- --------------------------------------------------------

--
-- Table structure for table `invoice`
--

CREATE TABLE `invoice` (
  `id` bigint(20) UNSIGNED NOT NULL,
  `inv_period_id` int(11) NOT NULL,
  `user_id` int(11) NOT NULL,
  `lastmeter` double(8,2) NOT NULL,
  `currentmeter` double(8,2) NOT NULL,
  `status` enum('init','invoice','paid','owe') COLLATE utf8mb4_unicode_ci NOT NULL,
  `recorder_id` int(11) NOT NULL,
  `created_at` timestamp NULL DEFAULT NULL,
  `updated_at` timestamp NULL DEFAULT NULL
) ENGINE=InnoDB DEFAULT CHARSET=utf8mb4 COLLATE=utf8mb4_unicode_ci;

--
-- Dumping data for table `invoice`
--

INSERT INTO `invoice` (`id`, `inv_period_id`, `user_id`, `lastmeter`, `currentmeter`, `status`, `recorder_id`, `created_at`, `updated_at`) VALUES
(1, 1, 9, 0.00, 0.00, 'init', 0, '2020-05-24 21:23:38', '2020-05-24 21:23:38'),
(2, 1, 10, 0.00, 0.00, 'init', 0, '2020-05-24 21:23:38', '2020-05-24 21:23:38'),
(3, 1, 11, 0.00, 0.00, 'init', 0, '2020-05-24 21:23:38', '2020-05-24 21:23:38'),
(4, 1, 12, 0.00, 0.00, 'init', 0, '2020-05-24 21:23:38', '2020-05-24 21:23:38'),
(5, 1, 13, 0.00, 0.00, 'init', 0, '2020-05-24 21:23:38', '2020-05-24 21:23:38'),
(6, 1, 14, 0.00, 0.00, 'init', 0, '2020-05-24 21:23:38', '2020-05-24 21:23:38'),
(7, 1, 15, 0.00, 0.00, 'init', 0, '2020-05-24 21:23:38', '2020-05-24 21:23:38'),
(8, 1, 16, 0.00, 0.00, 'init', 0, '2020-05-24 21:23:38', '2020-05-24 21:23:38'),
(9, 1, 17, 0.00, 0.00, 'init', 0, '2020-05-24 21:23:38', '2020-05-24 21:23:38'),
(10, 1, 18, 0.00, 0.00, 'init', 0, '2020-05-24 21:23:38', '2020-05-24 21:23:38'),
(11, 1, 19, 0.00, 0.00, 'init', 0, '2020-05-24 21:23:38', '2020-05-24 21:23:38'),
(12, 1, 20, 0.00, 0.00, 'init', 0, '2020-05-24 21:23:38', '2020-05-24 21:23:38'),
(13, 2, 9, 0.00, 0.00, 'init', 0, '2020-05-24 21:36:28', '2020-05-24 21:36:28'),
(14, 2, 10, 0.00, 0.00, 'init', 0, '2020-05-24 21:36:28', '2020-05-24 21:36:28'),
(15, 2, 11, 0.00, 0.00, 'init', 0, '2020-05-24 21:36:28', '2020-05-24 21:36:28'),
(16, 2, 12, 0.00, 0.00, 'init', 0, '2020-05-24 21:36:28', '2020-05-24 21:36:28'),
(17, 2, 13, 0.00, 0.00, 'init', 0, '2020-05-24 21:36:28', '2020-05-24 21:36:28'),
(18, 2, 14, 0.00, 0.00, 'init', 0, '2020-05-24 21:36:28', '2020-05-24 21:36:28'),
(19, 2, 15, 0.00, 0.00, 'init', 0, '2020-05-24 21:36:28', '2020-05-24 21:36:28'),
(20, 2, 16, 0.00, 0.00, 'init', 0, '2020-05-24 21:36:28', '2020-05-24 21:36:28'),
(21, 2, 17, 0.00, 0.00, 'init', 0, '2020-05-24 21:36:28', '2020-05-24 21:36:28'),
(22, 2, 18, 0.00, 0.00, 'init', 0, '2020-05-24 21:36:28', '2020-05-24 21:36:28'),
(23, 2, 19, 0.00, 0.00, 'init', 0, '2020-05-24 21:36:29', '2020-05-24 21:36:29'),
(24, 2, 20, 0.00, 0.00, 'init', 0, '2020-05-24 21:36:29', '2020-05-24 21:36:29');

-- --------------------------------------------------------

--
-- Table structure for table `invoice_period`
--

CREATE TABLE `invoice_period` (
  `id` bigint(20) UNSIGNED NOT NULL,
  `inv_period_name` varchar(191) COLLATE utf8mb4_unicode_ci NOT NULL,
  `budgetyear_id` int(11) NOT NULL,
  `startdate` date NOT NULL,
  `enddate` date NOT NULL,
  `status` enum('active','inactive') COLLATE utf8mb4_unicode_ci NOT NULL,
  `created_at` timestamp NULL DEFAULT NULL,
  `updated_at` timestamp NULL DEFAULT NULL
) ENGINE=InnoDB DEFAULT CHARSET=utf8mb4 COLLATE=utf8mb4_unicode_ci;

--
-- Dumping data for table `invoice_period`
--

INSERT INTO `invoice_period` (`id`, `inv_period_name`, `budgetyear_id`, `startdate`, `enddate`, `status`, `created_at`, `updated_at`) VALUES
(1, '06-63', 1, '2563-06-01', '2563-06-30', 'active', '2020-05-24 21:23:38', '2020-05-24 21:23:38'),
(2, '07-63', 1, '2563-07-01', '2563-07-31', 'active', '2020-05-24 21:36:28', '2020-05-24 21:36:28');

-- --------------------------------------------------------

--
-- Table structure for table `migrations`
--

CREATE TABLE `migrations` (
  `id` int(10) UNSIGNED NOT NULL,
  `migration` varchar(191) COLLATE utf8mb4_unicode_ci NOT NULL,
  `batch` int(11) NOT NULL
) ENGINE=InnoDB DEFAULT CHARSET=utf8mb4 COLLATE=utf8mb4_unicode_ci;

--
-- Dumping data for table `migrations`
--

INSERT INTO `migrations` (`id`, `migration`, `batch`) VALUES
(1, '2014_10_12_000000_create_users_table', 1),
(2, '2014_10_12_100000_create_password_resets_table', 1),
(3, '2019_05_02_004737_create_user_profile_table', 1),
(4, '2019_05_02_010514_create_zone_table', 1),
(5, '2019_05_02_011326_create_usercategory_table', 1),
(6, '2019_08_05_111923_add_user_cat_id_in__user_table', 1),
(7, '2019_08_16_002329_add_status_column_in_zone_table', 1),
(8, '2019_08_17_001430_settings_table', 1),
(9, '2019_08_17_073015_create_tabwater_meter_table', 1),
(10, '2019_08_17_104754_add_metersize_in_tabwater_meter_table', 1),
(11, '2019_08_18_080222_create_tabwater_user_category_table', 1),
(12, '2019_08_26_155301_create_sub_zone_table', 1),
(13, '2019_08_26_155850_create_undertaker_subzone_table', 1),
(14, '2019_08_27_041758_change_column_in_subzone_table', 1),
(15, '2019_08_31_235036_create_user_meter_infos_table', 1),
(16, '2019_09_02_183247_create_invoice_table', 1),
(17, '2019_09_03_013210_create_invoice_period_table', 1),
(18, '2019_09_13_035348_create_users_in_subzone_table', 1),
(19, '2019_09_20_070332_create_budget_year_table', 1),
(20, '2019_09_20_071007_add_budgetyear_column_in_invoice_period_table', 1),
(21, '2019_09_26_082404_create_trash_table', 1),
(22, '2019_10_15_005933_create_accounting_table', 1),
(23, '2020_01_28_155102_create_province_table', 1),
(24, '2020_01_28_205229_create_tambon_table', 1),
(25, '2020_01_28_205712_create_district_table', 1);

-- --------------------------------------------------------

--
-- Table structure for table `password_resets`
--

CREATE TABLE `password_resets` (
  `email` varchar(191) COLLATE utf8mb4_unicode_ci NOT NULL,
  `token` varchar(191) COLLATE utf8mb4_unicode_ci NOT NULL,
  `created_at` timestamp NULL DEFAULT NULL
) ENGINE=InnoDB DEFAULT CHARSET=utf8mb4 COLLATE=utf8mb4_unicode_ci;

-- --------------------------------------------------------

--
-- Table structure for table `province`
--

CREATE TABLE `province` (
  `province_code` varchar(191) COLLATE utf8mb4_unicode_ci NOT NULL,
  `province_name` varchar(191) COLLATE utf8mb4_unicode_ci NOT NULL,
  `go_id` int(11) NOT NULL,
  `created_at` timestamp NULL DEFAULT NULL,
  `updated_at` timestamp NULL DEFAULT NULL
) ENGINE=InnoDB DEFAULT CHARSET=utf8mb4 COLLATE=utf8mb4_unicode_ci;

--
-- Dumping data for table `province`
--

INSERT INTO `province` (`province_code`, `province_name`, `go_id`, `created_at`, `updated_at`) VALUES
('10', 'กรุงเทพมหานคร', 2, '2020-05-20 20:16:39', '2020-05-20 20:16:39'),
('11', 'สมุทรปราการ', 2, '2020-05-20 20:16:40', '2020-05-20 20:16:40'),
('12', 'นนทบุรี', 2, '2020-05-20 20:16:40', '2020-05-20 20:16:40'),
('13', 'ปทุมธานี', 2, '2020-05-20 20:16:40', '2020-05-20 20:16:40'),
('14', 'พระนครศรีอยุธยา', 2, '2020-05-20 20:16:40', '2020-05-20 20:16:40'),
('15', 'อ่างทอง', 2, '2020-05-20 20:16:40', '2020-05-20 20:16:40'),
('16', 'ลพบุรี', 2, '2020-05-20 20:16:40', '2020-05-20 20:16:40'),
('17', 'สิงห์บุรี', 2, '2020-05-20 20:16:40', '2020-05-20 20:16:40'),
('18', 'ชัยนาท', 2, '2020-05-20 20:16:40', '2020-05-20 20:16:40'),
('19', 'สระบุรี', 2, '2020-05-20 20:16:40', '2020-05-20 20:16:40'),
('20', 'ชลบุรี', 5, '2020-05-20 20:16:40', '2020-05-20 20:16:40'),
('21', 'ระยอง', 5, '2020-05-20 20:16:40', '2020-05-20 20:16:40'),
('22', 'จันทบุรี', 5, '2020-05-20 20:16:40', '2020-05-20 20:16:40'),
('23', 'ตราด', 5, '2020-05-20 20:16:40', '2020-05-20 20:16:40'),
('24', 'ฉะเชิงเทรา', 5, '2020-05-20 20:16:40', '2020-05-20 20:16:40'),
('25', 'ปราจีนบุรี', 5, '2020-05-20 20:16:40', '2020-05-20 20:16:40'),
('26', 'นครนายก', 2, '2020-05-20 20:16:40', '2020-05-20 20:16:40'),
('27', 'สระแก้ว', 5, '2020-05-20 20:16:40', '2020-05-20 20:16:40'),
('30', 'นครราชสีมา', 3, '2020-05-20 20:16:40', '2020-05-20 20:16:40'),
('31', 'บุรีรัมย์', 3, '2020-05-20 20:16:40', '2020-05-20 20:16:40'),
('32', 'สุรินทร์', 3, '2020-05-20 20:16:40', '2020-05-20 20:16:40'),
('33', 'ศรีสะเกษ', 3, '2020-05-20 20:16:40', '2020-05-20 20:16:40'),
('34', 'อุบลราชธานี', 3, '2020-05-20 20:16:40', '2020-05-20 20:16:40'),
('35', 'ยโสธร', 3, '2020-05-20 20:16:40', '2020-05-20 20:16:40'),
('36', 'ชัยภูมิ', 3, '2020-05-20 20:16:40', '2020-05-20 20:16:40'),
('37', 'อำนาจเจริญ', 3, '2020-05-20 20:16:40', '2020-05-20 20:16:40'),
('39', 'หนองบัวลำภู', 3, '2020-05-20 20:16:40', '2020-05-20 20:16:40'),
('40', 'ขอนแก่น', 3, '2020-05-20 20:16:40', '2020-05-20 20:16:40'),
('41', 'อุดรธานี', 3, '2020-05-20 20:16:40', '2020-05-20 20:16:40'),
('42', 'เลย', 3, '2020-05-20 20:16:40', '2020-05-20 20:16:40'),
('43', 'หนองคาย', 3, '2020-05-20 20:16:40', '2020-05-20 20:16:40'),
('44', 'มหาสารคาม', 3, '2020-05-20 20:16:41', '2020-05-20 20:16:41'),
('45', 'ร้อยเอ็ด', 3, '2020-05-20 20:16:41', '2020-05-20 20:16:41'),
('46', 'กาฬสินธุ์', 3, '2020-05-20 20:16:41', '2020-05-20 20:16:41'),
('47', 'สกลนคร', 3, '2020-05-20 20:16:41', '2020-05-20 20:16:41'),
('48', 'นครพนม', 3, '2020-05-20 20:16:41', '2020-05-20 20:16:41'),
('49', 'มุกดาหาร', 3, '2020-05-20 20:16:41', '2020-05-20 20:16:41'),
('50', 'เชียงใหม่', 1, '2020-05-20 20:16:41', '2020-05-20 20:16:41'),
('51', 'ลำพูน', 1, '2020-05-20 20:16:41', '2020-05-20 20:16:41'),
('52', 'ลำปาง', 1, '2020-05-20 20:16:41', '2020-05-20 20:16:41'),
('53', 'อุตรดิตถ์', 1, '2020-05-20 20:16:41', '2020-05-20 20:16:41'),
('54', 'แพร่', 1, '2020-05-20 20:16:41', '2020-05-20 20:16:41'),
('55', 'น่าน', 1, '2020-05-20 20:16:41', '2020-05-20 20:16:41'),
('56', 'พะเยา', 1, '2020-05-20 20:16:41', '2020-05-20 20:16:41'),
('57', 'เชียงราย', 1, '2020-05-20 20:16:41', '2020-05-20 20:16:41'),
('58', 'แม่ฮ่องสอน', 1, '2020-05-20 20:16:41', '2020-05-20 20:16:41'),
('60', 'นครสวรรค์', 2, '2020-05-20 20:16:41', '2020-05-20 20:16:41'),
('61', 'อุทัยธานี', 2, '2020-05-20 20:16:41', '2020-05-20 20:16:41'),
('62', 'กำแพงเพชร', 2, '2020-05-20 20:16:41', '2020-05-20 20:16:41'),
('63', 'ตาก', 4, '2020-05-20 20:16:41', '2020-05-20 20:16:41'),
('64', 'สุโขทัย', 2, '2020-05-20 20:16:41', '2020-05-20 20:16:41'),
('65', 'พิษณุโลก', 2, '2020-05-20 20:16:41', '2020-05-20 20:16:41'),
('66', 'พิจิตร', 2, '2020-05-20 20:16:41', '2020-05-20 20:16:41'),
('67', 'เพชรบูรณ์', 2, '2020-05-20 20:16:41', '2020-05-20 20:16:41'),
('70', 'ราชบุรี', 4, '2020-05-20 20:16:41', '2020-05-20 20:16:41'),
('71', 'กาญจนบุรี', 4, '2020-05-20 20:16:41', '2020-05-20 20:16:41'),
('72', 'สุพรรณบุรี', 2, '2020-05-20 20:16:41', '2020-05-20 20:16:41'),
('73', 'นครปฐม', 2, '2020-05-20 20:16:42', '2020-05-20 20:16:42'),
('74', 'สมุทรสาคร', 2, '2020-05-20 20:16:42', '2020-05-20 20:16:42'),
('75', 'สมุทรสงคราม', 2, '2020-05-20 20:16:42', '2020-05-20 20:16:42'),
('76', 'เพชรบุรี', 4, '2020-05-20 20:16:42', '2020-05-20 20:16:42'),
('77', 'ประจวบคีรีขันธ์', 4, '2020-05-20 20:16:42', '2020-05-20 20:16:42'),
('80', 'นครศรีธรรมราช', 6, '2020-05-20 20:16:42', '2020-05-20 20:16:42'),
('81', 'กระบี่', 6, '2020-05-20 20:16:42', '2020-05-20 20:16:42'),
('82', 'พังงา', 6, '2020-05-20 20:16:42', '2020-05-20 20:16:42'),
('83', 'ภูเก็ต', 6, '2020-05-20 20:16:42', '2020-05-20 20:16:42'),
('84', 'สุราษฎร์ธานี', 6, '2020-05-20 20:16:42', '2020-05-20 20:16:42'),
('85', 'ระนอง', 6, '2020-05-20 20:16:42', '2020-05-20 20:16:42'),
('86', 'ชุมพร', 6, '2020-05-20 20:16:42', '2020-05-20 20:16:42'),
('90', 'สงขลา', 6, '2020-05-20 20:16:42', '2020-05-20 20:16:42'),
('91', 'สตูล', 6, '2020-05-20 20:16:42', '2020-05-20 20:16:42'),
('92', 'ตรัง', 6, '2020-05-20 20:16:42', '2020-05-20 20:16:42'),
('93', 'พัทลุง', 6, '2020-05-20 20:16:42', '2020-05-20 20:16:42'),
('94', 'ปัตตานี', 6, '2020-05-20 20:16:42', '2020-05-20 20:16:42'),
('95', 'ยะลา', 6, '2020-05-20 20:16:42', '2020-05-20 20:16:42'),
('96', 'นราธิวาส', 6, '2020-05-20 20:16:42', '2020-05-20 20:16:42'),
('97', 'บึงกาฬ', 3, '2020-05-20 20:16:42', '2020-05-20 20:16:42');

-- --------------------------------------------------------

--
-- Table structure for table `settings`
--

CREATE TABLE `settings` (
  `id` bigint(20) UNSIGNED NOT NULL,
  `budgetyear` varchar(191) COLLATE utf8mb4_unicode_ci DEFAULT NULL,
  `rangebill` varchar(191) COLLATE utf8mb4_unicode_ci DEFAULT NULL,
  `priceper_unit` varchar(191) COLLATE utf8mb4_unicode_ci DEFAULT NULL
) ENGINE=InnoDB DEFAULT CHARSET=utf8mb4 COLLATE=utf8mb4_unicode_ci;

-- --------------------------------------------------------

--
-- Table structure for table `subzone`
--

CREATE TABLE `subzone` (
  `id` bigint(20) UNSIGNED NOT NULL,
  `zone_id` int(11) NOT NULL,
  `subzone_name` text COLLATE utf8mb4_unicode_ci NOT NULL,
  `created_at` timestamp NULL DEFAULT NULL,
  `updated_at` timestamp NULL DEFAULT NULL
) ENGINE=InnoDB DEFAULT CHARSET=utf8mb4 COLLATE=utf8mb4_unicode_ci;

--
-- Dumping data for table `subzone`
--

INSERT INTO `subzone` (`id`, `zone_id`, `subzone_name`, `created_at`, `updated_at`) VALUES
(1, 1, 'ซอย 1', '2020-05-20 20:19:47', '2020-05-20 20:19:47'),
(2, 1, 'ซอย 2', '2020-05-20 20:19:47', '2020-05-20 20:19:47'),
(3, 1, 'ซอย 3', '2020-05-20 20:19:47', '2020-05-20 20:19:47'),
(4, 2, 'ซอย A', '2020-05-21 07:28:04', '2020-05-21 07:28:04'),
(5, 2, 'ซอย B', '2020-05-21 07:28:04', '2020-05-21 07:28:04'),
(6, 2, 'ซอย C', '2020-05-21 07:28:04', '2020-05-21 07:28:04');

-- --------------------------------------------------------

--
-- Table structure for table `tabwater_meter`
--

CREATE TABLE `tabwater_meter` (
  `id` bigint(20) UNSIGNED NOT NULL,
  `typemetername` varchar(191) COLLATE utf8mb4_unicode_ci NOT NULL,
  `price_per_unit` double(5,2) NOT NULL,
  `metersize` int(11) NOT NULL DEFAULT 0,
  `created_at` timestamp NULL DEFAULT NULL,
  `updated_at` timestamp NULL DEFAULT NULL
) ENGINE=InnoDB DEFAULT CHARSET=utf8mb4 COLLATE=utf8mb4_unicode_ci;

--
-- Dumping data for table `tabwater_meter`
--

INSERT INTO `tabwater_meter` (`id`, `typemetername`, `price_per_unit`, `metersize`, `created_at`, `updated_at`) VALUES
(1, 'มิเตอร์ครัวเรือน', 8.00, 12, '2020-05-20 17:00:00', '2020-05-20 17:00:00'),
(2, 'มิเตอร์โรงงาน', 15.00, 28, '2020-05-20 17:00:00', '2020-05-20 17:00:00');

-- --------------------------------------------------------

--
-- Table structure for table `tabwater_use_category`
--

CREATE TABLE `tabwater_use_category` (
  `id` bigint(20) UNSIGNED NOT NULL,
  `name` varchar(191) COLLATE utf8mb4_unicode_ci NOT NULL,
  `unitname` varchar(191) COLLATE utf8mb4_unicode_ci NOT NULL,
  `price_per_unit` double(5,2) NOT NULL,
  `unit_num` double(5,2) NOT NULL,
  `created_at` timestamp NULL DEFAULT NULL,
  `updated_at` timestamp NULL DEFAULT NULL
) ENGINE=InnoDB DEFAULT CHARSET=utf8mb4 COLLATE=utf8mb4_unicode_ci;

-- --------------------------------------------------------

--
-- Table structure for table `tambon`
--

CREATE TABLE `tambon` (
  `tambon_code` varchar(191) COLLATE utf8mb4_unicode_ci NOT NULL,
  `tambon_name` varchar(191) COLLATE utf8mb4_unicode_ci NOT NULL,
  `district_code` varchar(191) COLLATE utf8mb4_unicode_ci NOT NULL,
  `zipcode` varchar(191) COLLATE utf8mb4_unicode_ci NOT NULL,
  `created_at` timestamp NULL DEFAULT NULL,
  `updated_at` timestamp NULL DEFAULT NULL
) ENGINE=InnoDB DEFAULT CHARSET=utf8mb4 COLLATE=utf8mb4_unicode_ci;

--
-- Dumping data for table `tambon`
--

INSERT INTO `tambon` (`tambon_code`, `tambon_name`, `district_code`, `zipcode`, `created_at`, `updated_at`) VALUES
('470101', 'ธาตุเชิงชุม', '4701', '47000', '2020-05-20 20:16:58', '2020-05-20 20:16:58'),
('470102', 'ขมิ้น', '4701', '47220', '2020-05-20 20:16:58', '2020-05-20 20:16:58'),
('470103', 'งิ้วด่อน', '4701', '47000', '2020-05-20 20:16:58', '2020-05-20 20:16:58'),
('470104', 'โนนหอม', '4701', '47000', '2020-05-20 20:16:59', '2020-05-20 20:16:59'),
('470106', 'เชียงเครือ', '4701', '47000', '2020-05-20 20:16:59', '2020-05-20 20:16:59'),
('470107', 'ท่าแร่', '4701', '47230', '2020-05-20 20:16:59', '2020-05-20 20:16:59'),
('470109', 'ม่วงลาย', '4701', '47000', '2020-05-20 20:16:59', '2020-05-20 20:16:59'),
('470111', 'ดงชน', '4701', '47000', '2020-05-20 20:16:59', '2020-05-20 20:16:59'),
('470112', 'ห้วยยาง', '4701', '47000', '2020-05-20 20:16:59', '2020-05-20 20:16:59'),
('470113', 'พังขว้าง', '4701', '47000', '2020-05-20 20:16:59', '2020-05-20 20:16:59'),
('470115', 'ดงมะไฟ', '4701', '47000', '2020-05-20 20:16:59', '2020-05-20 20:16:59'),
('470116', 'ธาตุนาเวง', '4701', '47000', '2020-05-20 20:16:59', '2020-05-20 20:16:59'),
('470117', 'เหล่าปอแดง', '4701', '47000', '2020-05-20 20:16:59', '2020-05-20 20:16:59'),
('470118', 'หนองลาด', '4701', '47220', '2020-05-20 20:16:59', '2020-05-20 20:16:59'),
('470120', 'ฮางโฮง', '4701', '47000', '2020-05-20 20:16:59', '2020-05-20 20:16:59'),
('470121', 'โคกก่อง', '4701', '47000', '2020-05-20 20:16:59', '2020-05-20 20:16:59'),
('470201', 'กุสุมาลย์', '4702', '47210', '2020-05-20 20:16:59', '2020-05-20 20:16:59'),
('470202', 'นาโพธิ์', '4702', '47210', '2020-05-20 20:16:59', '2020-05-20 20:16:59'),
('470203', 'นาเพียง', '4702', '47230', '2020-05-20 20:16:59', '2020-05-20 20:16:59'),
('470204', 'โพธิไพศาล', '4702', '47210', '2020-05-20 20:16:59', '2020-05-20 20:16:59'),
('470205', 'อุ่มจาน', '4702', '47230', '2020-05-20 20:16:59', '2020-05-20 20:16:59'),
('470301', 'กุดบาก', '4703', '47180', '2020-05-20 20:16:59', '2020-05-20 20:16:59'),
('470303', 'นาม่อง', '4703', '47180', '2020-05-20 20:16:59', '2020-05-20 20:16:59'),
('470305', 'กุดไห', '4703', '47180', '2020-05-20 20:16:59', '2020-05-20 20:16:59'),
('470401', 'พรรณา', '4704', '47130', '2020-05-20 20:17:00', '2020-05-20 20:17:00'),
('470402', 'วังยาง', '4704', '47130', '2020-05-20 20:17:00', '2020-05-20 20:17:00'),
('470403', 'พอกน้อย', '4704', '47220', '2020-05-20 20:17:00', '2020-05-20 20:17:00'),
('470404', 'นาหัวบ่อ', '4704', '47220', '2020-05-20 20:17:00', '2020-05-20 20:17:00'),
('470405', 'ไร่', '4704', '47130', '2020-05-20 20:17:00', '2020-05-20 20:17:00'),
('470406', 'ช้างมิ่ง', '4704', '47130', '2020-05-20 20:17:00', '2020-05-20 20:17:00'),
('470407', 'นาใน', '4704', '47130', '2020-05-20 20:17:00', '2020-05-20 20:17:00'),
('470408', 'สว่าง', '4704', '47130', '2020-05-20 20:17:00', '2020-05-20 20:17:00'),
('470409', 'บะฮี', '4704', '47130', '2020-05-20 20:17:00', '2020-05-20 20:17:00'),
('470410', 'เชิงชุม', '4704', '47130', '2020-05-20 20:17:00', '2020-05-20 20:17:00'),
('470501', 'พังโคน', '4705', '47160', '2020-05-20 20:17:00', '2020-05-20 20:17:00'),
('470502', 'ม่วงไข่', '4705', '47160', '2020-05-20 20:17:00', '2020-05-20 20:17:00'),
('470503', 'แร่', '4705', '47160', '2020-05-20 20:17:00', '2020-05-20 20:17:00'),
('470504', 'ไฮหย่อง', '4705', '47160', '2020-05-20 20:17:00', '2020-05-20 20:17:00'),
('470505', 'ต้นผึ้ง', '4705', '47160', '2020-05-20 20:17:00', '2020-05-20 20:17:00'),
('470601', 'วาริชภูมิ', '4706', '47150', '2020-05-20 20:17:00', '2020-05-20 20:17:00'),
('470602', 'ปลาโหล', '4706', '47150', '2020-05-20 20:17:00', '2020-05-20 20:17:00'),
('470603', 'หนองลาด', '4706', '47150', '2020-05-20 20:17:00', '2020-05-20 20:17:00'),
('470604', 'คำบ่อ', '4706', '47150', '2020-05-20 20:17:00', '2020-05-20 20:17:00'),
('470605', 'ค้อเขียว', '4706', '47150', '2020-05-20 20:17:00', '2020-05-20 20:17:00'),
('470701', 'นิคมน้ำอูน', '4707', '47270', '2020-05-20 20:17:00', '2020-05-20 20:17:00'),
('470702', 'หนองปลิง', '4707', '47270', '2020-05-20 20:17:00', '2020-05-20 20:17:00'),
('470703', 'หนองบัว', '4707', '47270', '2020-05-20 20:17:00', '2020-05-20 20:17:00'),
('470704', 'สุวรรณคาม', '4707', '47270', '2020-05-20 20:17:00', '2020-05-20 20:17:00'),
('470801', 'วานรนิวาส', '4708', '47120', '2020-05-20 20:17:00', '2020-05-20 20:17:00'),
('470802', 'เดื่อศรีคันไชย', '4708', '47120', '2020-05-20 20:17:00', '2020-05-20 20:17:00'),
('470803', 'ขัวก่าย', '4708', '47120', '2020-05-20 20:17:01', '2020-05-20 20:17:01'),
('470804', 'หนองสนม', '4708', '47120', '2020-05-20 20:17:01', '2020-05-20 20:17:01'),
('470805', 'คูสะคาม', '4708', '47120', '2020-05-20 20:17:01', '2020-05-20 20:17:01'),
('470806', 'ธาตุ', '4708', '47120', '2020-05-20 20:17:01', '2020-05-20 20:17:01'),
('470807', 'หนองแวง', '4708', '47120', '2020-05-20 20:17:01', '2020-05-20 20:17:01'),
('470808', 'ศรีวิชัย', '4708', '47120', '2020-05-20 20:17:01', '2020-05-20 20:17:01'),
('470809', 'นาซอ', '4708', '47120', '2020-05-20 20:17:01', '2020-05-20 20:17:01'),
('470810', 'อินทร์แปลง', '4708', '47120', '2020-05-20 20:17:01', '2020-05-20 20:17:01'),
('470811', 'นาคำ', '4708', '47120', '2020-05-20 20:17:01', '2020-05-20 20:17:01'),
('470812', 'คอนสวรรค์', '4708', '47120', '2020-05-20 20:17:01', '2020-05-20 20:17:01'),
('470813', 'กุดเรือคำ', '4708', '47120', '2020-05-20 20:17:01', '2020-05-20 20:17:01'),
('470814', 'หนองแวงใต้', '4708', '47120', '2020-05-20 20:17:01', '2020-05-20 20:17:01'),
('470901', 'คำตากล้า', '4709', '47250', '2020-05-20 20:17:01', '2020-05-20 20:17:01'),
('470902', 'หนองบัวสิม', '4709', '47250', '2020-05-20 20:17:01', '2020-05-20 20:17:01'),
('470903', 'นาแต้', '4709', '47250', '2020-05-20 20:17:01', '2020-05-20 20:17:01'),
('470904', 'แพด', '4709', '47250', '2020-05-20 20:17:01', '2020-05-20 20:17:01'),
('471001', 'ม่วง', '4710', '47140', '2020-05-20 20:17:01', '2020-05-20 20:17:01'),
('471002', 'มาย', '4710', '47140', '2020-05-20 20:17:01', '2020-05-20 20:17:01'),
('471003', 'ดงหม้อทอง', '4710', '47140', '2020-05-20 20:17:01', '2020-05-20 20:17:01'),
('471004', 'ดงเหนือ', '4710', '47140', '2020-05-20 20:17:01', '2020-05-20 20:17:01'),
('471005', 'ดงหม้อทองใต้', '4710', '47140', '2020-05-20 20:17:01', '2020-05-20 20:17:01'),
('471006', 'ห้วยหลัว', '4710', '47140', '2020-05-20 20:17:01', '2020-05-20 20:17:01'),
('471007', 'โนนสะอาด', '4710', '47140', '2020-05-20 20:17:01', '2020-05-20 20:17:01'),
('471008', 'หนองกวั่ง', '4710', '47140', '2020-05-20 20:17:01', '2020-05-20 20:17:01'),
('471009', 'บ่อแก้ว', '4710', '47140', '2020-05-20 20:17:02', '2020-05-20 20:17:02'),
('471101', 'อากาศ', '4711', '47170', '2020-05-20 20:17:02', '2020-05-20 20:17:02'),
('471102', 'โพนแพง', '4711', '47170', '2020-05-20 20:17:02', '2020-05-20 20:17:02'),
('471103', 'วาใหญ่', '4711', '47170', '2020-05-20 20:17:02', '2020-05-20 20:17:02'),
('471104', 'โพนงาม', '4711', '47170', '2020-05-20 20:17:02', '2020-05-20 20:17:02'),
('471105', 'ท่าก้อน', '4711', '47170', '2020-05-20 20:17:02', '2020-05-20 20:17:02'),
('471106', 'นาฮี', '4711', '47170', '2020-05-20 20:17:02', '2020-05-20 20:17:02'),
('471107', 'บะหว้า', '4711', '47170', '2020-05-20 20:17:02', '2020-05-20 20:17:02'),
('471108', 'สามัคคีพัฒนา', '4711', '47170', '2020-05-20 20:17:02', '2020-05-20 20:17:02'),
('471201', 'สว่างแดนดิน', '4712', '47110', '2020-05-20 20:17:02', '2020-05-20 20:17:02'),
('471203', 'คำสะอาด', '4712', '47110', '2020-05-20 20:17:02', '2020-05-20 20:17:02'),
('471204', 'บ้านต้าย', '4712', '47110', '2020-05-20 20:17:02', '2020-05-20 20:17:02'),
('471206', 'บงเหนือ', '4712', '47110', '2020-05-20 20:17:02', '2020-05-20 20:17:02'),
('471207', 'โพนสูง', '4712', '47110', '2020-05-20 20:17:02', '2020-05-20 20:17:02'),
('471208', 'โคกสี', '4712', '47110', '2020-05-20 20:17:02', '2020-05-20 20:17:02'),
('471210', 'หนองหลวง', '4712', '47110', '2020-05-20 20:17:02', '2020-05-20 20:17:02'),
('471211', 'บงใต้', '4712', '47110', '2020-05-20 20:17:02', '2020-05-20 20:17:02'),
('471212', 'ค้อใต้', '4712', '47110', '2020-05-20 20:17:02', '2020-05-20 20:17:02'),
('471213', 'พันนา', '4712', '47240', '2020-05-20 20:17:02', '2020-05-20 20:17:02'),
('471214', 'แวง', '4712', '47240', '2020-05-20 20:17:02', '2020-05-20 20:17:02'),
('471215', 'ทรายมูล', '4712', '47110', '2020-05-20 20:17:02', '2020-05-20 20:17:02'),
('471216', 'ตาลโกน', '4712', '47240', '2020-05-20 20:17:02', '2020-05-20 20:17:02'),
('471217', 'ตาลเนิ้ง', '4712', '47240', '2020-05-20 20:17:02', '2020-05-20 20:17:02'),
('471220', 'ธาตุทอง', '4712', '47240', '2020-05-20 20:17:02', '2020-05-20 20:17:02'),
('471221', 'บ้านถ่อน', '4712', '47110', '2020-05-20 20:17:02', '2020-05-20 20:17:02'),
('471301', 'ส่องดาว', '4713', '47190', '2020-05-20 20:17:02', '2020-05-20 20:17:02'),
('471302', 'ท่าศิลา', '4713', '47190', '2020-05-20 20:17:02', '2020-05-20 20:17:02'),
('471303', 'วัฒนา', '4713', '47190', '2020-05-20 20:17:02', '2020-05-20 20:17:02'),
('471304', 'ปทุมวาปี', '4713', '47190', '2020-05-20 20:17:02', '2020-05-20 20:17:02'),
('471401', 'เต่างอย', '4714', '47260', '2020-05-20 20:17:02', '2020-05-20 20:17:02'),
('471402', 'บึงทวาย', '4714', '47260', '2020-05-20 20:17:02', '2020-05-20 20:17:02'),
('471403', 'นาตาล', '4714', '47260', '2020-05-20 20:17:02', '2020-05-20 20:17:02'),
('471404', 'จันทร์เพ็ญ', '4714', '47260', '2020-05-20 20:17:02', '2020-05-20 20:17:02'),
('471501', 'ตองโขบ', '4715', '47280', '2020-05-20 20:17:03', '2020-05-20 20:17:03'),
('471502', 'เหล่าโพนค้อ', '4715', '47280', '2020-05-20 20:17:03', '2020-05-20 20:17:03'),
('471503', 'ด่านม่วงคำ', '4715', '47280', '2020-05-20 20:17:03', '2020-05-20 20:17:03'),
('471504', 'แมดนาท่ม', '4715', '47280', '2020-05-20 20:17:03', '2020-05-20 20:17:03'),
('471601', 'บ้านเหล่า', '4716', '47290', '2020-05-20 20:17:03', '2020-05-20 20:17:03'),
('471602', 'เจริญศิลป์', '4716', '47290', '2020-05-20 20:17:03', '2020-05-20 20:17:03'),
('471603', 'ทุ่งแก', '4716', '47290', '2020-05-20 20:17:03', '2020-05-20 20:17:03'),
('471604', 'โคกศิลา', '4716', '47290', '2020-05-20 20:17:03', '2020-05-20 20:17:03'),
('471605', 'หนองแปน', '4716', '47290', '2020-05-20 20:17:03', '2020-05-20 20:17:03'),
('471701', 'บ้านโพน', '4717', '47230', '2020-05-20 20:17:03', '2020-05-20 20:17:03'),
('471702', 'นาแก้ว', '4717', '47230', '2020-05-20 20:17:03', '2020-05-20 20:17:03'),
('471703', 'นาตงวัฒนา', '4717', '47230', '2020-05-20 20:17:03', '2020-05-20 20:17:03'),
('471704', 'บ้านแป้น', '4717', '47230', '2020-05-20 20:17:03', '2020-05-20 20:17:03'),
('471705', 'เชียงสือ', '4717', '47230', '2020-05-20 20:17:03', '2020-05-20 20:17:03'),
('471801', 'สร้างค้อ', '4718', '47180', '2020-05-20 20:17:03', '2020-05-20 20:17:03'),
('471802', 'หลุบเลา', '4718', '47180', '2020-05-20 20:17:03', '2020-05-20 20:17:03'),
('471803', 'โคกภู', '4718', '47180', '2020-05-20 20:17:03', '2020-05-20 20:17:03'),
('471804', 'กกปลาซิว', '4718', '47180', '2020-05-20 20:17:03', '2020-05-20 20:17:03');

-- --------------------------------------------------------

--
-- Table structure for table `trash`
--

CREATE TABLE `trash` (
  `id` bigint(20) UNSIGNED NOT NULL,
  `data` text COLLATE utf8mb4_unicode_ci NOT NULL,
  `created_at` timestamp NULL DEFAULT NULL,
  `updated_at` timestamp NULL DEFAULT NULL
) ENGINE=InnoDB DEFAULT CHARSET=utf8mb4 COLLATE=utf8mb4_unicode_ci;

-- --------------------------------------------------------

--
-- Table structure for table `undertaker_subzone`
--

CREATE TABLE `undertaker_subzone` (
  `id` bigint(20) UNSIGNED NOT NULL,
  `twman_id` int(11) NOT NULL,
  `subzone_id` int(11) NOT NULL,
  `created_at` timestamp NULL DEFAULT NULL,
  `updated_at` timestamp NULL DEFAULT NULL
) ENGINE=InnoDB DEFAULT CHARSET=utf8mb4 COLLATE=utf8mb4_unicode_ci;

--
-- Dumping data for table `undertaker_subzone`
--

INSERT INTO `undertaker_subzone` (`id`, `twman_id`, `subzone_id`, `created_at`, `updated_at`) VALUES
(1, 1, 1, '2020-05-20 17:00:00', '2020-05-20 17:00:00'),
(2, 2, 2, '2020-05-20 17:00:00', '2020-05-20 17:00:00');

-- --------------------------------------------------------

--
-- Table structure for table `usercategory`
--

CREATE TABLE `usercategory` (
  `id` bigint(20) UNSIGNED NOT NULL,
  `user_cate_name` varchar(191) COLLATE utf8mb4_unicode_ci NOT NULL,
  `created_at` timestamp NULL DEFAULT NULL,
  `updated_at` timestamp NULL DEFAULT NULL
) ENGINE=InnoDB DEFAULT CHARSET=utf8mb4 COLLATE=utf8mb4_unicode_ci;

--
-- Dumping data for table `usercategory`
--

INSERT INTO `usercategory` (`id`, `user_cate_name`, `created_at`, `updated_at`) VALUES
(1, 'ผู้ดูแลระบบ', NULL, NULL),
(2, 'เจ้าหน้าที่การเงิน', NULL, NULL),
(3, 'สมาชิกผู้ใช้น้ำประปา', NULL, NULL),
(4, 'เจ้าหน้าที่จดมิเตอร์', NULL, NULL);

-- --------------------------------------------------------

--
-- Table structure for table `users`
--

CREATE TABLE `users` (
  `id` bigint(20) UNSIGNED NOT NULL,
  `username` varchar(191) COLLATE utf8mb4_unicode_ci NOT NULL,
  `password` varchar(191) COLLATE utf8mb4_unicode_ci NOT NULL,
  `user_cat_id` int(11) NOT NULL,
  `email` varchar(191) COLLATE utf8mb4_unicode_ci NOT NULL,
  `email_verified_at` timestamp NULL DEFAULT NULL,
  `remember_token` varchar(100) COLLATE utf8mb4_unicode_ci DEFAULT NULL,
  `created_at` timestamp NULL DEFAULT NULL,
  `updated_at` timestamp NULL DEFAULT NULL
) ENGINE=InnoDB DEFAULT CHARSET=utf8mb4 COLLATE=utf8mb4_unicode_ci;

--
-- Dumping data for table `users`
--

INSERT INTO `users` (`id`, `username`, `password`, `user_cat_id`, `email`, `email_verified_at`, `remember_token`, `created_at`, `updated_at`) VALUES
(1, 'admin', '$2y$10$b3EgFTLKDAYGrAsCopkQN.4/HjlBD5LI5baG0yFra3m.dqmJzUmqG', 1, 'dXzQ23N40n@gmail.com', NULL, '$2y$10$t1m6pOPChPGSKXZ2z9AnnOXuoudkMGe9PvrymKh62iNE671CNd4T.', NULL, NULL),
(2, 'tw01', '$2y$10$fErXiD4MZLVkCQSGgBaIAet13tFE7h3doPCdbMjWKlat6DFRfph1W', 2, 'VzwxdJNTFh@gmail.com', NULL, '$2y$10$ueTwSAiGtTxwXT3v2IdQ.eeWV6WGAuYbnpzYs9RxB7HQrM4pDV.hm', NULL, NULL),
(3, 'tw02', '$2y$10$q1Na1oQ5uw7Ajfat.L9o3.A5rTSneevIcNcDgDUVaTqJMOuJcCsy6', 2, 'QC8iofoi1x@gmail.com', NULL, '$2y$10$AmZgKlGmpBNfmxlN4t21Mu6dAx4LRx7vOXrjINAJwVq4LyKpcKFEW', NULL, NULL),
(4, 'tw03', '$2y$10$7SNcR5ranlkyiZE6LFuOEu8rOibJ2H0cxQHmJsCPoUj5G6Xxqzp.2', 4, 'eHQbID7gSO@gmail.com', NULL, '$2y$10$KRnX/1SKGcPSUGXLNEZc1.UdkaSZcCc8MRNuJVBzRkovph9udLiZu', NULL, NULL),
(5, 'tw04', '$2y$10$sYo40bmPNl481tBkqduhy.lfk9HVQmpbKaEzM0cIGN5IHqYVPkzZW', 4, 'W6r01TiCQp@gmail.com', NULL, '$2y$10$0RWnmadv33FPKEKABIyaPOq/5LEwq2O9n8O.JO6aTyFS9tSCBfCi2', NULL, NULL),
(6, 'tw05', '$2y$10$WwgfWWXXNB9RlVWuCmAoQeXQzQNt3cCCkbly8WPMgu7Dt/tqpvleK', 4, 'JtYsUmCWsT@gmail.com', NULL, '$2y$10$PE8hCnvE7iy8Ng0ZhO7F1OY8SxrU9wWpRXV/LJ5G51.fdwq.esOhq', NULL, NULL),
(7, 'tw06', '$2y$10$s1oV/OwmCY0HpgsyPcqSQOo1UNBEuTQ9WTIHutiq7gu1BJR1X/JAa', 4, '2bx1ORAvQg@gmail.com', NULL, '$2y$10$ffqGnmg8M8EGp5/7BKexyO8aYJ3F0mnWfWnswGacp05u18pD5zUrG', NULL, NULL),
(8, 'tw07', '$2y$10$bHJ0rds87WFMK8LcVLmzVuugwVLtbMczZJBj5DyWOckgBpFxoQa0K', 4, 'vBFXxRfiE9@gmail.com', NULL, '$2y$10$TpcBt4Ba//L9lP1YioDx.OwEJzJ9y6x/9QvTA/r.o4VHO.bKV5kfu', NULL, NULL),
(9, 'tw08', '$2y$10$hwhXojwduETKPZZArZ3ikuTVuH.GNcwkKV4pNWCWLJkDU1PdrpurG', 3, 'UWos4Vd72T@gmail.com', NULL, '$2y$10$W9gOyaKQrJa1aYA8Mm97tu9cMGDlBaCt3mylh/4iUNKYg1qAsXQmK', NULL, NULL),
(10, 'tw09', '$2y$10$7gQt.RdswqScmera20brkugSId298x0.qWI6HgsvgEn4ojd4hrXg2', 3, 'mCo10TCOkJ@gmail.com', NULL, '$2y$10$w/eEYgycbvFE4AnjJN7LBeloFk.SqJZ/T3bWF9tJjI0n6X5CdzUSm', NULL, NULL),
(11, 'tw010', '$2y$10$A9X1pt3BUb/LqhWPY9EImeJCRROeY77bJXOkN0Hv2fizvTYizaMCK', 3, 'BGlwPhP339@gmail.com', NULL, '$2y$10$RiFkbuvhop9484hhhXPyZ.5gR6DwhpGGw/Wem6hL260URINu88Kee', NULL, NULL),
(12, 'tw011', '$2y$10$tyoDfszXIng4g9StA1EvGO5MZ0NLLdCjkEcoTiVFBKz7r5RqyX/gu', 3, '4Y0pTVYQM4@gmail.com', NULL, '$2y$10$DirjevvyHz2teW/d6nU.cOWH09UAU0yYFhkjPmyINvEaUrlq/8U2y', NULL, NULL),
(13, 'tw012', '$2y$10$OdAV13cgcR4nBGrQmt.xm.jD5gvGkuhoVil8biZsKklHOlUdHFMqe', 3, 'ay1EKLhlPj@gmail.com', NULL, '$2y$10$UZ9FAC.BVB0f3D6EcuHGAO.eJk/hI9YYniB/gwyLyf7uKrGCZRReW', NULL, NULL),
(14, 'tw013', '$2y$10$ygz3KNO6/HD5EjvU/TrtfOeny.evZNg7GcXiS2fqZP8Sa.qii8I.y', 3, 'mqWmbLyP7c@gmail.com', NULL, '$2y$10$YGpbaXECApb2XteaN/kCiekldBSpFAfk8L0zP2fRyq.0jLSz883qa', NULL, NULL),
(15, 'tw014', '$2y$10$Pu5UfVVvQiHVnQ1Gt67vUehgCTtd1rD1PtiaHp.usrIud4dZpZC7S', 3, 'WX58cuu7mc@gmail.com', NULL, '$2y$10$QYHOOTRsqIAzacrPHhucrOt2Sq6B9I.jaZkC.qoY1jLLcHES8z9WW', NULL, NULL),
(16, 'tw015', '$2y$10$ylll4sD2Za3Q1UQSP8.XuO8ZNU0LxDZp1oVmtNhTKuEeSGsftVFCy', 3, 'tHqDwEATVT@gmail.com', NULL, '$2y$10$Saxb5epHbm1oeG5Jylt/YeDW13vIH9K13VEyBgt.KiF4nGnkfA58a', NULL, NULL),
(17, 'tw016', '$2y$10$7ipTF865pwkXUsgc.aNh3e/u1VxREiWFjcwpxx8Q0cKsi7RgvNkR6', 3, 'zjhV10pDe1@gmail.com', NULL, '$2y$10$ZiRNZfLbh202Nwczi6Tx8eCMLMSPCQsXAKgKmFNBIMTWNT5c6pgZG', NULL, NULL),
(18, 'tw017', '$2y$10$6E0R3LDW1nw/J/uKQL/R4.IJghdXWgyXY5/q5EN.J7BWm/FY9/VRK', 3, 'DkQ2CZjiFf@gmail.com', NULL, '$2y$10$0iZV4a0fZx0vFgYtDQjaVuoRIi8ZOmv8SCUEWkyK3w23j1xofu17i', NULL, NULL),
(19, 'tw018', '$2y$10$oTsw.9PcNFMLBOm4L8IQ6.13w7oBbtTznDIe5k.i9SE3m1Rj0K.Yy', 3, '7MtmVxkIAO@gmail.com', NULL, '$2y$10$XwbhqhU3Jb1SVacsGiumKeoFn/3HS0HplbmyPf.J0PL4e/sn4Gcwm', NULL, NULL),
(20, 'tw019', '$2y$10$DVtnVKQgq7iOZrr/4vb1JeEKsfga0f3ov69cVdRvnZX3/sQOlz5H.', 3, 'N2zRgybdpr@gmail.com', NULL, '$2y$10$gwgPfOigIym/B5/PqWjCqeRfdlvB3svvPWcDy/yPP.nprmlW9C.EC', NULL, NULL),
(21, 'admin', '$2y$10$H3gjZ03HVf/plRtLuN.CX.HX4WhGvXWEaEcVOGpbPJEZPRxtjozxu', 0, 'admin@gmail.com', '2020-05-20 20:18:21', NULL, '2020-05-20 20:18:21', '2020-05-20 20:18:21'),
(22, 'user2', '$2y$10$3dPUnxm2rwDALSWzglUO/uRzSiIeO6t..jafQsNV4UBgU.iqjgyni', 0, 'user2@gmail.com', '2020-05-20 20:18:21', NULL, '2020-05-20 20:18:21', '2020-05-20 20:18:21'),
(23, 'user3', '$2y$10$qDneiR7sRf2lVELJhYurJup5k1WVWlmhZNSSx2iUeoIXQknnKQg6O', 0, 'user3@gmail.com', '2020-05-20 20:18:21', NULL, '2020-05-20 20:18:21', '2020-05-20 20:18:21'),
(24, 'user4', '$2y$10$AtgaMBS4c6.apQ72BfEtcOtWD5BC3jkD70bSxKEShDDckRmj0h24G', 0, 'user4@gmail.com', '2020-05-20 20:18:21', NULL, '2020-05-20 20:18:21', '2020-05-20 20:18:21'),
(25, 'user5', '$2y$10$.KRDxq7am8YOhGabR9okOeKVF9lqn2eI465490jitj9Cm3ayuApzC', 0, 'user5@gmail.com', '2020-05-20 20:18:21', NULL, '2020-05-20 20:18:21', '2020-05-20 20:18:21'),
(26, 'user6', '$2y$10$6edwnO2kV6eSVp3VwCeGfOn8cBzxY/wkyLIHvfunLiPDYcmnm0VfK', 0, 'user6@gmail.com', '2020-05-20 20:18:21', NULL, '2020-05-20 20:18:21', '2020-05-20 20:18:21'),
(27, 'user7', '$2y$10$Bq82yGMG6RxQP0Jmv1wYiuN8LSYqQ3aWk0yrLxZOJLo7jV4yIRAPW', 0, 'user7@gmail.com', '2020-05-20 20:18:21', NULL, '2020-05-20 20:18:21', '2020-05-20 20:18:21'),
(28, 'user8', '$2y$10$uOyyUqvwbZCbfk1V3VBfZuTRQw7KM0somntKsthvZFx8rQJsteUNy', 0, 'user8@gmail.com', '2020-05-20 20:18:21', NULL, '2020-05-20 20:18:21', '2020-05-20 20:18:21'),
(29, 'user9', '$2y$10$cVP0IAiDc9fLExuqgxKO/.bzfVsq1HmiT4yalnt5/GEwgxozsTqcK', 0, 'user9@gmail.com', '2020-05-20 20:18:21', NULL, '2020-05-20 20:18:21', '2020-05-20 20:18:21'),
(30, 'user10', '$2y$10$lPR4k0GZ6mtoqrXDtfaZ3uhaadS15xPlG6hASan/C4DS/wVbM3jg6', 0, 'user10@gmail.com', '2020-05-20 20:18:22', NULL, '2020-05-20 20:18:22', '2020-05-20 20:18:22'),
(31, 'user11', '$2y$10$gVUn5twrVV2dRsfvwKepLeHoW7df2bB3bkNdRqcF1q9TGOmw3HcUm', 0, 'user11@gmail.com', '2020-05-20 20:18:22', NULL, '2020-05-20 20:18:22', '2020-05-20 20:18:22'),
(32, 'user12', '$2y$10$T8nDOlTwAR0X2nPZFANgx.27RfHAvWRO5qMX/e09rcndplTbSvq3a', 0, 'user12@gmail.com', '2020-05-20 20:18:22', NULL, '2020-05-20 20:18:22', '2020-05-20 20:18:22'),
(33, 'user13', '$2y$10$sORIPvnjTKBlqCx3ajIlyu7lrwUCTrkq5124Mk6SLPH8lBDQSSzoW', 0, 'user13@gmail.com', '2020-05-20 20:18:22', NULL, '2020-05-20 20:18:22', '2020-05-20 20:18:22'),
(34, 'user14', '$2y$10$1UESZIbcALxhAjxSbrMCju2xPo00dbZq0HG9R1C/dk9MoBbJXaXE.', 0, 'user14@gmail.com', '2020-05-20 20:18:22', NULL, '2020-05-20 20:18:22', '2020-05-20 20:18:22'),
(35, 'user15', '$2y$10$e9WJbW.W7JgSN21F/w4gFekMfDyKs8kXBrumJ5Ym2ZljxL51p9VAy', 0, 'user15@gmail.com', '2020-05-20 20:18:22', NULL, '2020-05-20 20:18:22', '2020-05-20 20:18:22'),
(36, 'user16', '$2y$10$4Ja1Bsy4VcGUllQ.l0UzPOC4jpG7o1Y1fW9uaWKsxw4v.yrNLxMKW', 0, 'user16@gmail.com', '2020-05-20 20:18:22', NULL, '2020-05-20 20:18:22', '2020-05-20 20:18:22'),
(37, 'user17', '$2y$10$idonxOTYbYi2ySMWCLttHeZdMHH8dGjHfRqrNpomCH3R2sFILeSh2', 0, 'user17@gmail.com', '2020-05-20 20:18:22', NULL, '2020-05-20 20:18:22', '2020-05-20 20:18:22'),
(38, 'user18', '$2y$10$0V3iEF9qASSJ1p2dVNLiY.pXyJb9SwVfMHTQEIjy7MSLfPD9YbbNW', 0, 'user18@gmail.com', '2020-05-20 20:18:22', NULL, '2020-05-20 20:18:23', '2020-05-20 20:18:23'),
(39, 'user19', '$2y$10$A53bi3VeEciaega9aNU0seF9j9BkUFNmIcxdLqOukR1KeBFKoAqXG', 0, 'user19@gmail.com', '2020-05-20 20:18:23', NULL, '2020-05-20 20:18:23', '2020-05-20 20:18:23'),
(40, 'user20', '$2y$10$spin5Rj68me0vL1zxHc/5eNe8wagPi2zBa3vMTtiyBx8pFcTlgLGe', 0, 'user20@gmail.com', '2020-05-20 20:18:23', NULL, '2020-05-20 20:18:23', '2020-05-20 20:18:23'),
(45, 'test', '$2y$10$DrfATbBQr2f3bifdnAJcK.4YqqzEXueg1qzz3VyxAuUxi/h3k65ca', 2, 'test@gmail.com', NULL, NULL, '2020-05-21 07:54:27', '2020-05-21 07:54:27'),
(47, 'test', '$2y$10$btMd5ONsDdSODTGXB/X8OeqU6PUZAR0mKtCP0mnF0amnPKSSCR3p.', 2, 'newtest@gmail.com', NULL, NULL, '2020-05-21 20:24:16', '2020-05-21 20:24:16');

-- --------------------------------------------------------

--
-- Table structure for table `users_in_subzone`
--

CREATE TABLE `users_in_subzone` (
  `id` bigint(20) UNSIGNED NOT NULL,
  `user_id` int(11) NOT NULL,
  `subzone_id` int(11) NOT NULL,
  `created_at` timestamp NULL DEFAULT NULL,
  `updated_at` timestamp NULL DEFAULT NULL
) ENGINE=InnoDB DEFAULT CHARSET=utf8mb4 COLLATE=utf8mb4_unicode_ci;

--
-- Dumping data for table `users_in_subzone`
--

INSERT INTO `users_in_subzone` (`id`, `user_id`, `subzone_id`, `created_at`, `updated_at`) VALUES
(2, 0, 1, '2020-05-21 07:54:28', '2020-05-21 07:54:28'),
(3, 47, 1, '2020-05-21 20:24:17', '2020-05-21 20:24:17');

-- --------------------------------------------------------

--
-- Table structure for table `user_meter_infos`
--

CREATE TABLE `user_meter_infos` (
  `id` bigint(20) UNSIGNED NOT NULL,
  `user_id` int(11) NOT NULL,
  `metertype` int(11) NOT NULL,
  `counter_unit` int(11) NOT NULL,
  `metersize` int(11) NOT NULL,
  `zone_id` int(11) NOT NULL,
  `subzone_id` int(11) NOT NULL,
  `acceptace_date` date NOT NULL,
  `payment_id` int(11) NOT NULL,
  `discounttype` int(11) NOT NULL,
  `created_at` timestamp NULL DEFAULT NULL,
  `updated_at` timestamp NULL DEFAULT NULL
) ENGINE=InnoDB DEFAULT CHARSET=utf8mb4 COLLATE=utf8mb4_unicode_ci;

--
-- Dumping data for table `user_meter_infos`
--

INSERT INTO `user_meter_infos` (`id`, `user_id`, `metertype`, `counter_unit`, `metersize`, `zone_id`, `subzone_id`, `acceptace_date`, `payment_id`, `discounttype`, `created_at`, `updated_at`) VALUES
(1, 9, 1, 8, 12, 2, 2, '2020-05-21', 1, 0, '2020-05-20 17:00:00', '2020-05-20 17:00:00'),
(2, 10, 1, 8, 12, 1, 1, '2020-05-21', 1, 0, '2020-05-20 17:00:00', '2020-05-20 17:00:00'),
(3, 11, 1, 8, 12, 1, 1, '2020-05-21', 1, 0, '2020-05-20 17:00:00', '2020-05-20 17:00:00'),
(4, 12, 1, 8, 12, 2, 2, '2020-05-21', 1, 0, '2020-05-20 17:00:00', '2020-05-20 17:00:00'),
(5, 13, 1, 8, 12, 2, 2, '2020-05-21', 1, 0, '2020-05-20 17:00:00', '2020-05-20 17:00:00'),
(6, 14, 1, 8, 12, 2, 2, '2020-05-21', 1, 0, '2020-05-20 17:00:00', '2020-05-20 17:00:00'),
(7, 15, 1, 8, 12, 1, 1, '2020-05-21', 1, 0, '2020-05-20 17:00:00', '2020-05-20 17:00:00'),
(8, 16, 1, 8, 12, 2, 2, '2020-05-21', 1, 0, '2020-05-20 17:00:00', '2020-05-20 17:00:00'),
(9, 17, 1, 8, 12, 2, 2, '2020-05-21', 1, 0, '2020-05-20 17:00:00', '2020-05-20 17:00:00'),
(10, 18, 1, 8, 12, 2, 2, '2020-05-21', 1, 0, '2020-05-20 17:00:00', '2020-05-20 17:00:00'),
(11, 19, 1, 8, 12, 2, 2, '2020-05-21', 1, 0, '2020-05-20 17:00:00', '2020-05-20 17:00:00'),
(12, 20, 1, 8, 12, 2, 2, '2020-05-21', 1, 0, '2020-05-20 17:00:00', '2020-05-20 17:00:00');

-- --------------------------------------------------------

--
-- Table structure for table `user_profile`
--

CREATE TABLE `user_profile` (
  `user_id` int(11) NOT NULL,
  `name` varchar(191) COLLATE utf8mb4_unicode_ci NOT NULL,
  `id_card` varchar(191) COLLATE utf8mb4_unicode_ci NOT NULL,
  `phone` varchar(191) COLLATE utf8mb4_unicode_ci NOT NULL,
  `gender` enum('m','w') COLLATE utf8mb4_unicode_ci NOT NULL,
  `address` varchar(191) COLLATE utf8mb4_unicode_ci NOT NULL,
  `zone` int(11) NOT NULL COMMENT 'หมู่หรือชุมชน แล้วแต่พื้นที่จะแยก',
  `tambon_code` varchar(191) COLLATE utf8mb4_unicode_ci NOT NULL,
  `district_code` varchar(191) COLLATE utf8mb4_unicode_ci NOT NULL,
  `province_code` varchar(191) COLLATE utf8mb4_unicode_ci NOT NULL,
  `created_at` timestamp NULL DEFAULT NULL,
  `updated_at` timestamp NULL DEFAULT NULL
) ENGINE=InnoDB DEFAULT CHARSET=utf8mb4 COLLATE=utf8mb4_unicode_ci;

--
-- Dumping data for table `user_profile`
--

INSERT INTO `user_profile` (`user_id`, `name`, `id_card`, `phone`, `gender`, `address`, `zone`, `tambon_code`, `district_code`, `province_code`, `created_at`, `updated_at`) VALUES
(1, 'นางสาวพวชราภรณณ ทองเกตค', '62011000059', '0814193247', 'm', 'บ้านห้องแซง', 1, '471804', '4718', '47', NULL, NULL),
(2, 'นางสาวปคณณดา สวงพาลน', '62011000063', '0873912049', 'm', 'บ้านห้องแซง', 1, '471804', '4718', '47', NULL, NULL),
(3, 'นางสาวอธวตญาธร พพชงและ', '62011000077', '0863518891', 'm', 'บ้านห้องแซง', 1, '471804', '4718', '47', NULL, NULL),
(4, 'นางสาวสคภวญญา กาญจนรวตนณ', '62011000123', '0840875805', 'm', 'บ้านห้องแซง', 1, '471804', '4718', '47', NULL, NULL),
(5, 'นายนฤพนธณ เหลผไมผ', '62011000128', '0815411648', 'm', 'บ้านห้องแซง', 1, '471804', '4718', '47', NULL, NULL),
(6, 'นายจาโรจนณ จวนทรณกระจผาง', '62011000200', '0835305162', 'm', 'บ้านห้องแซง', 1, '471804', '4718', '47', NULL, NULL),
(7, 'นางสาวสคธารวตนณ ดวงจวตรณ', '62011000253', '0834275237', 'm', 'บ้านห้องแซง', 1, '471804', '4718', '47', NULL, NULL),
(8, 'นางสาวพวชราภรณณ อวชมจวตร', '62011000263', '0857518263', 'm', 'บ้านห้องแซง', 1, '471804', '4718', '47', NULL, NULL),
(9, 'นางสาวชมมาศ ตระกผลบคญเดช', '62011000287', '0882367970', 'm', 'บ้านห้องแซง', 1, '471804', '4718', '47', NULL, NULL),
(10, 'นางสาวชคตวกาญจนณ ทองขาว', '62011000365', '0875854223', 'm', 'บ้านห้องแซง', 1, '471804', '4718', '47', NULL, NULL),
(11, 'นางสาวดวงกมล พวงแสงเพพญ', '62011000378', '0812991021', 'm', 'บ้านห้องแซง', 1, '471804', '4718', '47', NULL, NULL),
(12, 'นายจนระววฒนณ หลวกฐาน', '62011000420', '0877889014', 'm', 'บ้านห้องแซง', 1, '471804', '4718', '47', NULL, NULL),
(13, 'นายณวฏฐณ เกตบผรณะ', '62011000490', '0873677424', 'm', 'บ้านห้องแซง', 1, '471804', '4718', '47', NULL, NULL),
(14, 'นางสาววรกมล รผอยหมชชน', '62011000543', '0818653149', 'm', 'บ้านห้องแซง', 1, '471804', '4718', '47', NULL, NULL),
(15, 'นางสาวฐวตวนวนทณ อวงกวนวนทณ', '62011000569', '0839620634', 'm', 'บ้านห้องแซง', 1, '471804', '4718', '47', NULL, NULL),
(16, 'นายณวฐววทยณ อาปรนชา', '62011000626', '0839354252', 'm', 'บ้านห้องแซง', 1, '471804', '4718', '47', NULL, NULL),
(17, 'นายสคพศวน มนเดช', '62011000637', '0818632574', 'm', 'บ้านห้องแซง', 1, '471804', '4718', '47', NULL, NULL),
(18, 'นายรวชชานนทณ เสมสายวณหณ', '62011000730', '0834542543', 'm', 'บ้านห้องแซง', 1, '471804', '4718', '47', NULL, NULL),
(19, 'นางสาวอรวญชยา มหาวงศณ', '62011000765', '0854708762', 'm', 'บ้านห้องแซง', 1, '471804', '4718', '47', NULL, NULL),
(20, 'นายนพณวฐ อวนทรณมวชน', '62011000769', '0813326904', 'm', 'บ้านห้องแซง', 1, '471804', '4718', '47', NULL, NULL),
(41, 'test test', '0000000000000', '0000000000', 'm', '1234/456', 1, '471804', '4718', '47', '2020-05-21 07:47:36', '2020-05-21 07:47:36'),
(41, 'test test', '0000000000000', '0000000000', 'm', '123/456', 1, '471804', '4718', '47', '2020-05-21 07:50:31', '2020-05-21 07:50:31'),
(0, 'test test', '0000000000000', '0000000000', 'm', '123', 1, '471804', '4718', '47', '2020-05-21 07:54:27', '2020-05-21 07:54:27'),
(47, 'test', '0000000000000', '0000000000', 'm', '1234', 1, '471804', '4718', '47', '2020-05-21 20:24:16', '2020-05-21 20:24:16');

-- --------------------------------------------------------

--
-- Table structure for table `zone`
--

CREATE TABLE `zone` (
  `id` bigint(20) UNSIGNED NOT NULL,
  `zone_name` varchar(191) COLLATE utf8mb4_unicode_ci NOT NULL,
  `location` text COLLATE utf8mb4_unicode_ci NOT NULL,
  `status` enum('0','1') COLLATE utf8mb4_unicode_ci NOT NULL DEFAULT '0' COMMENT '0=> ยังไม่มีคนรับผิดชอบ, 1=>มีคนรับผิดชอบแล้ว',
  `tambon_code` varchar(191) COLLATE utf8mb4_unicode_ci NOT NULL,
  `created_at` timestamp NULL DEFAULT NULL,
  `updated_at` timestamp NULL DEFAULT NULL
) ENGINE=InnoDB DEFAULT CHARSET=utf8mb4 COLLATE=utf8mb4_unicode_ci;

--
-- Dumping data for table `zone`
--

INSERT INTO `zone` (`id`, `zone_name`, `location`, `status`, `tambon_code`, `created_at`, `updated_at`) VALUES
(1, 'หมู่ 1', 'ตำบลกกปลาซิว อำเภอภูพาน จังหวัดนครสวรรค์', '0', '471804', NULL, NULL),
(2, 'หมู่ 2', 'ตำบลกกปลาซิว อำเภอภูพาน จังหวัดนครสวรรค์', '0', '471804', NULL, NULL),
(3, 'หมู่ 3', 'ตำบลกกปลาซิว อำเภอภูพาน จังหวัดนครสวรรค์', '0', '471804', NULL, NULL),
(4, 'หมู่ 4', 'ตำบลกกปลาซิว อำเภอภูพาน จังหวัดนครสวรรค์', '0', '471804', NULL, NULL),
(5, 'หมู่ 5', 'ตำบลกกปลาซิว อำเภอภูพาน จังหวัดนครสวรรค์', '0', '471804', NULL, NULL),
(6, 'หมู่ 6', 'ตำบลกกปลาซิว อำเภอภูพาน จังหวัดนครสวรรค์', '0', '471804', NULL, NULL),
(7, 'หมู่ 7', 'ตำบลกกปลาซิว อำเภอภูพาน จังหวัดนครสวรรค์', '0', '471804', NULL, NULL),
(8, 'หมู่ 8', 'ตำบลกกปลาซิว อำเภอภูพาน จังหวัดนครสวรรค์', '0', '471804', NULL, NULL),
(9, 'หมู่ 9', 'ตำบลกกปลาซิว อำเภอภูพาน จังหวัดนครสวรรค์', '0', '471804', NULL, NULL),
(10, 'หมู่ 10', 'ตำบลกกปลาซิว อำเภอภูพาน จังหวัดนครสวรรค์', '0', '471804', NULL, NULL),
(11, 'หมู่ 11', 'ตำบลกกปลาซิว อำเภอภูพาน จังหวัดนครสวรรค์', '0', '471804', NULL, NULL),
(12, 'หมู่ 12', 'ตำบลกกปลาซิว อำเภอภูพาน จังหวัดนครสวรรค์', '0', '471804', NULL, NULL),
(13, 'หมู่ 13', 'ตำบลกกปลาซิว อำเภอภูพาน จังหวัดนครสวรรค์', '0', '471804', NULL, NULL);

--
-- Indexes for dumped tables
--

--
-- Indexes for table `accounting`
--
ALTER TABLE `accounting`
  ADD PRIMARY KEY (`id`);

--
-- Indexes for table `budget_year`
--
ALTER TABLE `budget_year`
  ADD PRIMARY KEY (`id`);

--
-- Indexes for table `district`
--
ALTER TABLE `district`
  ADD PRIMARY KEY (`district_code`);

--
-- Indexes for table `invoice`
--
ALTER TABLE `invoice`
  ADD PRIMARY KEY (`id`);

--
-- Indexes for table `invoice_period`
--
ALTER TABLE `invoice_period`
  ADD PRIMARY KEY (`id`);

--
-- Indexes for table `migrations`
--
ALTER TABLE `migrations`
  ADD PRIMARY KEY (`id`);

--
-- Indexes for table `password_resets`
--
ALTER TABLE `password_resets`
  ADD KEY `password_resets_email_index` (`email`);

--
-- Indexes for table `province`
--
ALTER TABLE `province`
  ADD PRIMARY KEY (`province_code`);

--
-- Indexes for table `settings`
--
ALTER TABLE `settings`
  ADD PRIMARY KEY (`id`);

--
-- Indexes for table `subzone`
--
ALTER TABLE `subzone`
  ADD PRIMARY KEY (`id`);

--
-- Indexes for table `tabwater_meter`
--
ALTER TABLE `tabwater_meter`
  ADD PRIMARY KEY (`id`);

--
-- Indexes for table `tabwater_use_category`
--
ALTER TABLE `tabwater_use_category`
  ADD PRIMARY KEY (`id`);

--
-- Indexes for table `tambon`
--
ALTER TABLE `tambon`
  ADD PRIMARY KEY (`tambon_code`);

--
-- Indexes for table `trash`
--
ALTER TABLE `trash`
  ADD PRIMARY KEY (`id`);

--
-- Indexes for table `undertaker_subzone`
--
ALTER TABLE `undertaker_subzone`
  ADD PRIMARY KEY (`id`);

--
-- Indexes for table `usercategory`
--
ALTER TABLE `usercategory`
  ADD PRIMARY KEY (`id`);

--
-- Indexes for table `users`
--
ALTER TABLE `users`
  ADD PRIMARY KEY (`id`),
  ADD UNIQUE KEY `users_email_unique` (`email`);

--
-- Indexes for table `users_in_subzone`
--
ALTER TABLE `users_in_subzone`
  ADD PRIMARY KEY (`id`);

--
-- Indexes for table `user_meter_infos`
--
ALTER TABLE `user_meter_infos`
  ADD PRIMARY KEY (`id`);

--
-- Indexes for table `zone`
--
ALTER TABLE `zone`
  ADD PRIMARY KEY (`id`);

--
-- AUTO_INCREMENT for dumped tables
--

--
-- AUTO_INCREMENT for table `accounting`
--
ALTER TABLE `accounting`
  MODIFY `id` bigint(20) UNSIGNED NOT NULL AUTO_INCREMENT;

--
-- AUTO_INCREMENT for table `budget_year`
--
ALTER TABLE `budget_year`
  MODIFY `id` bigint(20) UNSIGNED NOT NULL AUTO_INCREMENT, AUTO_INCREMENT=3;

--
-- AUTO_INCREMENT for table `invoice`
--
ALTER TABLE `invoice`
  MODIFY `id` bigint(20) UNSIGNED NOT NULL AUTO_INCREMENT, AUTO_INCREMENT=25;

--
-- AUTO_INCREMENT for table `invoice_period`
--
ALTER TABLE `invoice_period`
  MODIFY `id` bigint(20) UNSIGNED NOT NULL AUTO_INCREMENT, AUTO_INCREMENT=3;

--
-- AUTO_INCREMENT for table `migrations`
--
ALTER TABLE `migrations`
  MODIFY `id` int(10) UNSIGNED NOT NULL AUTO_INCREMENT, AUTO_INCREMENT=26;

--
-- AUTO_INCREMENT for table `settings`
--
ALTER TABLE `settings`
  MODIFY `id` bigint(20) UNSIGNED NOT NULL AUTO_INCREMENT;

--
-- AUTO_INCREMENT for table `subzone`
--
ALTER TABLE `subzone`
  MODIFY `id` bigint(20) UNSIGNED NOT NULL AUTO_INCREMENT, AUTO_INCREMENT=7;

--
-- AUTO_INCREMENT for table `tabwater_meter`
--
ALTER TABLE `tabwater_meter`
  MODIFY `id` bigint(20) UNSIGNED NOT NULL AUTO_INCREMENT, AUTO_INCREMENT=3;

--
-- AUTO_INCREMENT for table `tabwater_use_category`
--
ALTER TABLE `tabwater_use_category`
  MODIFY `id` bigint(20) UNSIGNED NOT NULL AUTO_INCREMENT;

--
-- AUTO_INCREMENT for table `trash`
--
ALTER TABLE `trash`
  MODIFY `id` bigint(20) UNSIGNED NOT NULL AUTO_INCREMENT;

--
-- AUTO_INCREMENT for table `undertaker_subzone`
--
ALTER TABLE `undertaker_subzone`
  MODIFY `id` bigint(20) UNSIGNED NOT NULL AUTO_INCREMENT, AUTO_INCREMENT=3;

--
-- AUTO_INCREMENT for table `usercategory`
--
ALTER TABLE `usercategory`
  MODIFY `id` bigint(20) UNSIGNED NOT NULL AUTO_INCREMENT, AUTO_INCREMENT=5;

--
-- AUTO_INCREMENT for table `users`
--
ALTER TABLE `users`
  MODIFY `id` bigint(20) UNSIGNED NOT NULL AUTO_INCREMENT, AUTO_INCREMENT=48;

--
-- AUTO_INCREMENT for table `users_in_subzone`
--
ALTER TABLE `users_in_subzone`
  MODIFY `id` bigint(20) UNSIGNED NOT NULL AUTO_INCREMENT, AUTO_INCREMENT=4;

--
-- AUTO_INCREMENT for table `user_meter_infos`
--
ALTER TABLE `user_meter_infos`
  MODIFY `id` bigint(20) UNSIGNED NOT NULL AUTO_INCREMENT, AUTO_INCREMENT=13;

--
-- AUTO_INCREMENT for table `zone`
--
ALTER TABLE `zone`
  MODIFY `id` bigint(20) UNSIGNED NOT NULL AUTO_INCREMENT, AUTO_INCREMENT=14;
COMMIT;

/*!40101 SET CHARACTER_SET_CLIENT=@OLD_CHARACTER_SET_CLIENT */;
/*!40101 SET CHARACTER_SET_RESULTS=@OLD_CHARACTER_SET_RESULTS */;
/*!40101 SET COLLATION_CONNECTION=@OLD_COLLATION_CONNECTION */;
